Incident_ID,Age,Gender,Race,School_Affiliation,Shooter_Outcome,Shooter_Died,Injury
20241126NYHER,,,,,Fled/Escaped,false,None
20241125OHWEC,,,,,Fled/Escaped,false,None
20241125TXPIM,,,,,Fled/Escaped,false,None
20241122CTJAN,Teen,Male,,,Fled/Escaped,false,None
20241122DCEAW,Teen,Male,Black,,Fled/Escaped,false,None
20241119OHCOC,,,,,Fled/Escaped,false,None
20241119TNCEM,16,Male,,Student,Fled/Escaped,false,None
20241112ALWOB,Teen,Male,,Student,Fled/Escaped,false,None
20241112GATWA,Teen,Male,,Student,Fled/Escaped,false,None
20241111MDDUN,14,Male,,Student,Fled/Escaped,false,None
20241109ILHIC,Adult,Male,,,Fled/Escaped,false,None
20241109ILHIC,Adult,Male,,,Fled/Escaped,false,None
20241109ILHIC,Adult,Male,,,Fled/Escaped,false,None
20241109ILHIC,Adult,Male,,,Fled/Escaped,false,None
20241107WIROK,13,Male,,Former Student,Fled/Apprehended,false,None
20241107UTWES,16,Male,,Student,Fled/Apprehended,false,None
20241106DESTW,Adult,,,Security Guard,Law Enforcement,false,None
20241106ILLAC,,,,No Relation,Fled/Escaped,false,None
20241105ORCES,Child,,,Student,Surrendered,false,None
20241105FLTYS,13,Female,,Student,Surrendered,false,Wounded
20241104NCPEW,Teen,Male,,,Fled/Escaped,false,None
20241104NYAQR,,,,,Fled/Escaped,false,None
20241101ILWIC,,,,,Fled/Escaped,false,None
20241031OHRIP,Adult,Male,,Parent,Apprehended/Killed by SRO,false,None
20241030ALFSP,5,Male,,Relative,Surrendered,false,None
20241029MSMEM,,,,,Fled/Escaped,false,None
20241027SCBUB,,,,Nonstudent Using Athletic Facilities/Attending Game,Fled/Escaped,false,None
20241030SDCHC,,,,,Fled/Escaped,false,None
20241025LASTS,22,Male,Black,Nonstudent Using Athletic Facilities/Attending Game,Fled/Apprehended,false,None
20241024KSPHP,26,Male,White,No Relation,Apprehended/Killed by LE,false,None
20241023MSWEL,Teen,Male,,No Relation,Fled/Apprehended,false,None
20241022TNCOM,Adult,Male,,No Relation,Fled/Escaped,false,None
20241022TNCOM,Adult,Male,,No Relation,Fled/Escaped,false,None
20241022OKREN,15,Male,,Nonstudent Using Athletic Facilities/Attending Game,Fled/Apprehended,false,None
20241022SCMCG,19,Male,Black,No Relation,Apprehended/Killed by LE,false,None
20241022OHEAC,Teen,Male,,Student,Fled/Apprehended,false,None
20241020OHWAC,Adult,Male,,Parent,Fled/Escaped,false,None
20241018ALSOS,,Male,,No Relation,Fled/Escaped,false,None
20241018HIHOC,38,Male,,No Relation,Apprehended/Killed by LE,false,None
20241018DEDOD,,Male,,,Fled/Apprehended,false,None
20241017LALAL,Adult,Male,,Other Staff,Fled/Apprehended,false,None
20241017ORISP,42,Male,Middle Eastern,Parent,Fled/Apprehended,false,None
20241017KYATL,Teen,Male,,Student,Surrendered,false,Wounded
20241017NYISB,15,Male,,Nonstudent Using Athletic Facilities/Attending Game,Fled/Apprehended,false,None
20241015ALHUH,Adult,Male,,Parent,Fled/Escaped,false,None
20241015TXWEO,Adult,Male,,No Relation,Apprehended/Killed by LE,true,Fatal
20241012WIMIM,30,Male,,Nonstudent Using Athletic Facilities/Attending Game,Fled/Escaped,false,None
20241011TNOOO,19,Male,,Nonstudent Using Athletic Facilities/Attending Game,Fled/Apprehended,false,None
20241011GADOD,Adult,Male,,Nonstudent Using Athletic Facilities/Attending Game,Fled/Escaped,false,None
20241010TXKID,,,,No Relation,Fled/Escaped,false,None
20241010PACOC,17,Male,,Student,Fled/Apprehended,false,None
20241010PACOC,Teen,Male,,Student,Fled/Escaped,false,None
20241010WANOS,,,,,Fled/Escaped,false,None
20241009MIMAM,Adult,Male,,,Fled/Escaped,false,None
20241007NYCHR,,,,,Fled/Escaped,false,None
20241007TXPOM,Adult,Male,,No Relation,Fled/Apprehended,false,None
20241005FLBLP,,,,,Fled/Escaped,false,None
20241005INCAI,Adult,Male,,Nonstudent Using Athletic Facilities/Attending Game,Fled/Escaped,false,None
20241005COATC,Adult,Male,,Nonstudent Using Athletic Facilities/Attending Game,Fled/Escaped,false,None
20241005CASTB,Adult,,,No Relation,Fled/Escaped,false,None
20241004NCCAW,26,Female,Black,Nonstudent Using Athletic Facilities/Attending Game,Fled/Apprehended,false,None
20241002LAWEW,14,Male,,Student,Surrendered,false,None
20241002ILEMC,,Male,,,Fled/Escaped,false,None
20241002ILEMC,,Male,,,Fled/Escaped,false,None
20241002ILEMC,,Male,,,Fled/Escaped,false,None
20241002ILEMC,,Male,,,Fled/Escaped,false,None
20241001CACES,,Male,,No Relation,Fled/Escaped,false,None
20240929KYPLL,22,Male,,Nonstudent Using Athletic Facilities/Attending Game,Fled/Apprehended,false,None
20240927WIWIM,63,Male,,Security Guard,Surrendered,false,Wounded
20240926PAGOB,17,Male,,No Relation,Fled/Escaped,false,None
20240925DEFRW,15,Male,,Student,Fled/Apprehended,false,None
20240925NYINB,,,,,Fled/Escaped,false,None
20240924MOCAK,,,,,Fled/Escaped,false,None
20240924NYSOB,Teen,Male,,,Fled/Escaped,false,None
20240923TXBUS,Teen,Male,,Student,Fled/Escaped,false,None
20240923KSCEW,46,Male,,Parent,Apprehended/Killed by LE,false,Wounded
20240922ILHEC,,Male,,No Relation,Fled/Escaped,false,None
20240922PAMAP,,,,,Fled/Escaped,false,None
20240921GASOA,,,,,Fled/Apprehended,false,None
20240920WVSGM,50,Male,White,No Relation,Fled/Apprehended,false,None
20240920OHNON,,,,,Fled/Escaped,false,None
20240920TXMAM,Adult,Male,,Police Officer/SRO,Law Enforcement,false,Wounded
20240919GAHAC,20,Male,,No Relation,Fled/Apprehended,false,None
20240917MNWAS,16,Male,,Student,Fled/Apprehended,false,None
20240916TNCOM,Adult,Male,,No Relation,Apprehended/Killed by LE,false,None
20240913GAMAM,15,Male,,Student,Fled/Apprehended,false,None
20240913GAMAM,17,Male,,Student,Fled/Apprehended,false,None
20240913GAMAM,17,Male,,Student,Fled/Apprehended,false,None
20240913GAFRA,Adult,Male,,No Relation,Fled/Escaped,false,None
20240912OHTAC,Teen,Male,,,Fled/Escaped,false,None
20240912DCKIW,,,,,Fled/Escaped,false,None
20240910AZMAP,Teen,Male,,Student,Fled/Apprehended,false,None
20240910SCRIG,16,Male,,Student,Fled/Apprehended,false,None
20240910SCRIG,Teen,Male,,Student,Fled/Escaped,false,None
20240910NEOMO,Teen,Male,,Student,Fled/Apprehended,false,None
20240909TXSOD,Teen,,,Student,Fled/Escaped,false,None
20240906WVMAM,,,,No Relation,Fled/Escaped,false,None
20240906MDJOJ,16,Male,,Student,Fled/Apprehended,false,None
20240904KYCLC,31,Male,White,Other Staff,Fled/Apprehended,false,None
20240904GAAPW,14,Male,,Student,Surrendered,false,None
20240903LABEB,23,Male,,Parent,Fled/Apprehended,false,None
20240903NYFAF,Adult,,,,Surrendered,false,None
20240902MDWHP,44,Male,,No Relation,Fled/Apprehended,false,None
20240830MIROR,Teen,Male,,Student,Fled/Escaped,false,None
20240830NJPAW,16,Male,,Student,Fled/Apprehended,false,None
20240830PAWOC,,,,No Relation,Fled/Escaped,false,None
20240830GARIR,Adult,Male,,Nonstudent Using Athletic Facilities/Attending Game,Fled/Escaped,false,None
20240826WIJAJ,24,Male,,No Relation,Fled/Apprehended,false,None
20240826NEWOW,,,,,Fled/Escaped,false,None
20240824ALCJC,,Male,,,Fled/Apprehended,false,None
20240824ILGAC,Teen,Male,,,Fled/Escaped,false,None
20240822MOHAL,16,Male,,Student,Suicide,true,Suicide
20240822TXFRE,Adult,,,Police Officer/SRO,Law Enforcement,false,None
20240820LABAB,Adult,Male,White,No Relation,Fled/Apprehended,false,None
20240820KSKAT,,,,No Relation,Fled/Escaped,false,None
20240819LABOB,32,Male,Black,Nonstudent Using Athletic Facilities/Attending Game,Fled/Apprehended,false,None
20240819CANAS,Teen,Male,,Student,Fled/Apprehended,false,None
20240819CADES,Teen,Male,,Student,Fled/Apprehended,false,None
20240819PAOLP,Teen,Male,,,Fled/Escaped,false,None
20240816GAMUC,Adult,,,No Relation,Fled/Escaped,false,None
20240816CASYS,Teen,Male,,Student,Apprehended/Killed by Other,false,None
20240816GALAA,Adult,Male,,No Relation,Fled/Escaped,false,None
20240811VAGAG,,,,Nonstudent Using Athletic Facilities/Attending Game,Surrendered,false,Wounded
20240809AZDOD,Minor,Male,,Student,Apprehended/Killed by LE,false,None
20240809COCAC,18,Male,,Student,Apprehended/Killed by SRO,false,None
20240730ORKLK,,,,,Fled/Escaped,false,None
20240730OKSOO,Adult,Female,,No Relation,Fled/Escaped,false,None
20240727OHWAT,,,,,Fled/Escaped,false,None
20240726KYGRL,31,Male,White,No Relation,Fled/Apprehended,false,None
20240725MSWEF,76,Male,White,No Relation,Subdued by Students/Staff/Other,false,None
20240725SCJDA,Adult,,,Police Officer/SRO,Law Enforcement,false,None
20240721TXGWH,,,,,Fled/Escaped,false,None
20240718WATAT,Adult,Male,,,Fled/Escaped,false,None
20240717PAEDP,Adult,Male,,No Relation,Fled/Apprehended,false,None
20240716KYWIL,,,,,Fled/Escaped,false,None
20240712MDWIU,,,,,Fled/Escaped,false,None
20240709CADEF,15,Male,,Student,Fled/Apprehended,false,None
20240709TXGRG,44,Female,Black,Intimate Relationship,Fled/Apprehended,false,None
20240707OHIND,,,,No Relation,Fled/Escaped,false,None
20240701MDCOB,,,,,Fled/Escaped,false,None
20240630MNROR,20,Male,,No Relation,Apprehended/Killed by LE,false,None
20240623PAWAP,Adult,Male,,No Relation,Fled/Escaped,false,None
20240621SCBRE,Teen,Male,,No Relation,Fled/Escaped,false,None
20240619NCLIS,30,Male,White,No Relation,Fled/Apprehended,false,None
20240615PADOM,23,Male,,No Relation,Fled/Apprehended,false,None
20240615MDPOO,29,Male,,Nonstudent Using Athletic Facilities/Attending Game,Fled/Apprehended,false,None
20240613MABOB,,,,,Fled/Escaped,false,None
20240611OHSOC,,,,No Relation,Fled/Escaped,false,None
20240611SCMIG,36,Male,White,No Relation,Fled/Apprehended,false,None
20240610NEELO,17,Male,Black,Student,Fled/Escaped,false,None
20240610FLPAL,Adult,,,Other Staff,Surrendered,false,Wounded
20240607CACAC,Teen,Male,,Student,Fled/Escaped,false,None
20240606MOEAM,,,,,Fled/Escaped,false,None
20240606MOEAM,,,,,Fled/Escaped,false,None
20240606CAMOM,33,Male,,No Relation,Fled/Apprehended,false,None
20240606WAGAS,Teen,Male,,Student,Fled/Escaped,false,None
20240606WAGAS2,Teen,Male,,Student,Fled/Apprehended,false,None
20240604FLCEM,24,Male,,No Relation,Fled/Apprehended,false,None
20240604COMID,Adult,,,Police Officer/SRO,Law Enforcement,false,None
20240603WAKEK,,,,,Fled/Escaped,false,None
20240603ILSAC,Adult,Male,,No Relation,Fled/Escaped,false,None
20240603NYPSB,,Male,,,Fled/Escaped,false,None
20240603NYPSB,,Male,,,Fled/Escaped,false,None
20240531MIARS,,,,,Fled/Apprehended,false,None
20240529WALEE,Adult,Male,,Gang Member,Fled/Apprehended,false,None
20240529NYPSQ,Teen,Male,,No Relation,Fled/Escaped,false,None
20240529NYPSQ,Teen,Male,,No Relation,Fled/Escaped,false,None
20240528ORROP,,,,,Fled/Escaped,false,None
20240525IAROD,Adult,,,Relative,Apprehended/Killed by LE,false,None
20240525IAROD,Adult,,,Relative,Apprehended/Killed by LE,false,None
20240524NMGAA,Teen,Male,,,Apprehended/Killed by LE,false,None
20240523MTWHB,Adult,Male,,No Relation,Fled/Escaped,false,None
20240523MAKIC,23,Male,,Nonstudent Using Athletic Facilities/Attending Game,Fled/Apprehended,false,None
20240523OHMAC,,Male,,,Fled/Escaped,false,None
20240523CASKO,Adult,Male,,Relative,Fled/Apprehended,false,None
20240523CASKO,Adult,Male,,Relative,Fled/Apprehended,false,None
20240523LAWEH,17,Male,,Student,Fled/Apprehended,false,None
20240522FLNOC,Adult,Male,,Relative,Apprehended/Killed by LE,false,None
20240522NCPUM,,,,,Fled/Escaped,false,None
20240521MIALG,13,Male,,Student,Surrendered,false,None
20240519MOCAC,20,Male,Black,Relative,Apprehended/Killed by LE,false,None
20240518SCBOB,52,Male,White,Parent,Fled/Apprehended,false,None
20240518MODEK,,,,,Fled/Escaped,false,None
20240518OHMAC,Adult,Male,,Other Staff,Fled/Apprehended,false,None
20240518OHWIC,,,,,Fled/Escaped,false,None
20240516OHBUC,Adult,Male,,,Fled/Escaped,false,None
20240514INMCI,Teen,Male,,Student,Fled/Apprehended,false,None
20240512TXMAM,Adult,Male,,Nonstudent Using Athletic Facilities/Attending Game,Fled/Escaped,false,None
20240510NCWEH,Child,Male,,Student,Fled/Apprehended,false,None
20240510OHAVA,Teen,Male,,Student,Fled/Apprehended,false,None
20240510TXHAH,Teen,Male,,Student,Fled/Apprehended,false,None
20240510VARIR,Adult,Male,,Other Staff,Surrendered,false,None
20240509LACOB,Teen,Male,,Student,Surrendered,false,None
20240508NMSOA,21,Male,,Relative,Fled/Escaped,false,None
20240508FLSTL,19,Male,,Relative,Surrendered,false,Wounded
20240504NCPAW,Teen,Male,,Student,Surrendered,false,None
20240504NEOHO,,,,Nonstudent Using Athletic Facilities/Attending Game,Fled/Escaped,false,None
20240504NEOHO,,Male,,,Fled/Escaped,false,None
20240503MDANA,Teen,Male,,,Fled/Escaped,false,None
20240503MDANA,Teen,Male,,,Fled/Escaped,false,None
20240503MDANA,Teen,Male,,,Fled/Escaped,false,None
20240503MDANA,Teen,Male,,,Fled/Escaped,false,None
20240503GADED,15,Female,,Student,Fled/Apprehended,false,None
20240503NVLES,Teen,Male,,Nonstudent Using Athletic Facilities/Attending Game,Fled/Escaped,false,None
20240503DCDUD,18,Male,,Student,Fled/Apprehended,false,None
20240503DCDUD,17,Male,,Student,Fled/Apprehended,false,None
20240501DCALW,Teen,Male,,Student,Fled/Escaped,false,None
20240501DCALW,Teen,Male,,Student,Fled/Escaped,false,None
20240501DCALW,Teen,Male,,Student,Fled/Escaped,false,None
20240501MIFRM,Adult,Male,,Nonstudent Using Athletic Facilities/Attending Game,Fled/Escaped,false,None
20240501WIMOM,14,Male,,,Apprehended/Killed by LE,true,Fatal
20240430OHGLC,,,,,Fled/Apprehended,false,None
20240426WVSCS,43,Male,,No Relation,Fled/Apprehended,false,None
20240426TNNON,24,Male,,,Fled/Apprehended,false,None
20240424CAMIC,28,Male,,No Relation,Apprehended/Killed by LE,false,None
20240424ORGRD,14,Male,,Student,Fled/Apprehended,false,None
20240424TXBOA,17,Male,,Student,Fled/Apprehended,false,None
20240423ILNER,Adult,Male,,Nonstudent Using Athletic Facilities/Attending Game,Fled/Apprehended,false,None
20240423UTGRW,Teen,,,Nonstudent,Fled/Apprehended,false,None
20240423UTGRW,Teen,,,Nonstudent,Fled/Apprehended,false,None
20240422MOLEL,Child,,,Student,Fled/Apprehended,false,None
20240422WAWIW,39,Male,,Parent,Fled/Escaped,false,None
20240422FLSUR,,,,Police Officer/SRO,Law Enforcement,false,None
20240421NYISB,Teen,Male,,Nonstudent Using Athletic Facilities/Attending Game,Fled/Escaped,false,None
20240419LATIT,17,Male,White,Student,Apprehended/Killed by SRO,false,None
20240418WASHS,Adult,,,Police Officer/SRO,Law Enforcement,false,None
20240416TNDUM,,,,,Fled/Escaped,false,None
20240416NCVAC,Teen,,,Student,Suicide,true,Suicide
20240415FLYOJ,23,Female,,,Fled/Apprehended,false,None
20240415FLYOJ,17,Male,,,Fled/Apprehended,false,None
20240415PAWEW,Teen,Male,,Nonstudent Using Athletic Facilities/Attending Game,Fled/Escaped,false,None
20240413NCIRG,26,Male,White,No Relation,Fled/Apprehended,false,None
20240413WIMEM,Adult,Male,,No Relation,Fled/Escaped,false,None
20240413MOBLB,,,,,Fled/Escaped,false,None
20240412FLCHP,Adult,Male,,Relative,Other,true,Fatal
20240412TXWID,17,Male,Black,Student,Fled/Apprehended,false,None
20240311KSAMG,Teen,,,,Fled/Apprehended,false,None
20240311KSAMG,Teen,,,,Fled/Apprehended,false,None
20240409NMPER,Adult,Male,,No Relation,Fled/Escaped,false,None
20240404MOROR,,,,,Fled/Escaped,false,None
20240403NMLYL,Adult,Male,,No Relation,Apprehended/Killed by LE,false,None
20240402MACAC,Adult,Male,,Police Officer/SRO,Law Enforcement,false,None
20240401FLELS,17,Male,Black,Former Student,Fled/Apprehended,false,None
20240326GATUA,,,,,Fled/Apprehended,false,None
20240326MOCHC,14,Male,,Student,Fled/Apprehended,false,None
20240326NJWEN,,,,,Fled/Escaped,false,None
20240325HIWAW,19,Male,,No Relation,Fled/Apprehended,false,None
20240322TNTRM,Teen,,,Student,Fled/Apprehended,false,None
20240321NJMAN,,,,,Fled/Escaped,false,None
20240321CADIP,Teen,Male,,Nonstudent,Fled/Escaped,false,None
20240320NCPEP,30,Male,Black,,Apprehended/Killed by SRO,false,None
20240320CONOD,,Male,,,Fled/Escaped,false,None
20240320CONOD,,Male,,,Fled/Escaped,false,None
20240320OHBOC,Teen,Male,,No Relation,Fled/Escaped,false,None
20240320ILBUC,Teen,Male,,No Relation,Fled/Apprehended,false,None
20240319DETHW,,,,,Fled/Escaped,false,None
20240316TNKEC,,,,Nonstudent Using Athletic Facilities/Attending Game,Fled/Escaped,false,None
20240314OHLOD,Teen,Male,,No Relation,Fled/Escaped,false,None
20240313MDFOG,Teen,Male,,No Relation,Fled/Escaped,false,None
20240313WAGAS,,,,,Fled/Escaped,false,None
20240313MDWIB,,,,,Fled/Escaped,false,None
20240311TXCHT,,,,,Surrendered,false,None
20240311MASPS,19,Male,,Nonstudent,Fled/Escaped,false,None
20240307NYPSB,Teen,Male,,,Fled/Escaped,false,None
20240305INHAL,Teen,Male,,No Relation,Fled/Apprehended,false,None
20240304TNBRB,Teen,Male,,Student,Apprehended/Killed by SRO,false,None
20240302INROR,44,Male,White,Nonstudent Using Athletic Facilities/Attending Game,Apprehended/Killed by LE,false,None
20240302MONOK,Teen,,,,Fled/Escaped,false,None
20240302MONOK,Teen,,,,Fled/Escaped,false,None
20240302MONOK,Teen,,,,Fled/Escaped,false,None
20240302MONOK,19,Male,Black,Nonstudent Using Athletic Facilities/Attending Game,Fled/Apprehended,false,None
20240302MONOK,18,Male,Black,Nonstudent Using Athletic Facilities/Attending Game,Fled/Apprehended,false,None
20240301LACAC,19,Male,,,Fled/Apprehended,false,None
20240229FLFIJ,15,Male,,Student,Fled/Apprehended,false,None
20240228NCWAG,38,Male,,No Relation,Apprehended/Killed by LE,false,None
20240228MEWAW,24,Male,,No Relation,Suicide,true,Suicide
20240227DESUG,15,Male,,Student,Fled/Apprehended,false,None
20240226TXODO,15,Male,,Student,Fled/Apprehended,false,None
20240223WVBLB,,,,,Fled/Escaped,false,None
20240222NCROL,24,Male,,No Relation,Fled/Apprehended,false,None
20240221CODED,,,,No Relation,Fled/Escaped,false,None
20240221TXECE,Adult,Male,,Police Officer/SRO,Law Enforcement,false,None
20240221AZCAT,,,,No Relation,Fled/Escaped,false,None
20240220TXTRA,12,Male,,Student,Apprehended/Killed by LE,false,None
20240220ALPEP,Adult,,,Nonstudent,Fled/Apprehended,false,None
20240220MISAS,15,Male,,Nonstudent,Fled/Apprehended,false,None
20240219TXPIM,16,Male,,Student,Apprehended/Killed by SRO,false,Wounded
20240215FLSHC,15,Male,,Student,Fled/Apprehended,false,None
20240215FLSHC,11,Male,,Student,Fled/Apprehended,false,None
20240214GABEA,14,Male,,Student,Fled/Apprehended,false,None
20240213TNRAM,36,Female,,Parent,Fled/Apprehended,false,None
20240212OHBEB,19,Male,,Former Student,Fled/Apprehended,false,None
20240212IDCOI,18,Male,White,No Relation,Fled/Apprehended,false,None
20240212IDCOI,19,Male,,No Relation,Fled/Escaped,false,None
20240212CAELC,,,,No Relation,Fled/Escaped,false,None
20240211CAMAB,,,,No Relation,Fled/Escaped,false,None
20240209PACOR,,,,,Fled/Escaped,false,None
20240209GATRE,15,Male,,Student,Fled/Apprehended,false,None
20240208MDBEB,Teen,Male,,Student,Fled/Escaped,false,None
20240208TNMEN,17,Male,,No Relation,Fled/Apprehended,false,None
20240208TNMEN,18,Male,,No Relation,Fled/Apprehended,false,None
20240207ORWIE,17,Male,,No Relation,Fled/Apprehended,false,None
20240207ORWIE,19,Male,,No Relation,Fled/Apprehended,false,None
2024207TXKUH,,,,No Relation,Fled/Escaped,false,None
20240206TNNOC,,,,,Fled/Escaped,false,None
20240205GALUA,Teen,Male,,Student,Apprehended/Killed by LE,false,None
20240202AZLAA,Teen,Male,,Student,Apprehended/Killed by LE,false,None
20240201TNHAN,13,Male,,Student,Fled/Apprehended,false,None
20240201GAMCP,17,Male,,Student,Fled/Apprehended,false,None
20240201GAMCP,17,Male,,Student,Fled/Apprehended,false,None
20240131CADUD,Teen,,,Student,Fled/Escaped,false,None
20240131ILCHC,14,Male,,,Fled/Escaped,false,None
20240131ILCHC,17,Male,,,Fled/Escaped,false,None
20240131ILCHC,Teen,Male,,,Fled/Escaped,false,None
20240130TNBLM,17,Male,,Nonstudent Using Athletic Facilities/Attending Game,Fled/Apprehended,false,None
20240130TNBLM,17,Male,,Nonstudent Using Athletic Facilities/Attending Game,Fled/Apprehended,false,None
20240130INBEB,17,Male,,Student,Fled/Apprehended,false,None
20240130CAGRS,14,Male,,Student,Fled/Apprehended,false,None
20240130ALLEM,16,Female,,Student,Fled/Apprehended,false,None
20240129TXCOA,17,Male,Asian,Student,Fled/Apprehended,false,None
20240126ILINC,,,,,Fled/Escaped,false,None
20240126ILINC,,,,,Fled/Escaped,false,None
20240126ALHUH,30,Female,Middle Eastern,Relative,Fled/Apprehended,false,None
20240124TNWEM,,Male,,,Fled/Escaped,false,None
20240122ILCIC,,Male,,,Fled/Escaped,false,None
20240122ILCIC,,Male,,,Fled/Escaped,false,None
20240118MNCOS,30,Male,,Nonstudent Using Athletic Facilities/Attending Game,Surrendered,false,Wounded
20240117VAWED,24,Male,White,No Relation,Attempted Suicide,false,Wounded
20240117INLIG,17,Male,,Student,Apprehended/Killed by LE,false,None
20240117MDCHE,,,,,Fled/Escaped,false,None
20240113INLAF,,,,,Fled/Escaped,false,None
20240112VABEM,18,Male,,,Fled/Apprehended,false,Wounded
20240112OKHEO,Teen,Male,,Student,Apprehended/Killed by LE,false,None
20240112OHROD,Teen,Male,,Nonstudent Using Athletic Facilities/Attending Game,Fled/Escaped,false,None
20240111FLNOM,15,Male,,Student,Fled/Apprehended,false,None
20240111LABOB,16,Male,,Student,Fled/Apprehended,false,None
20240110WAWHW,Teen,Male,,Student,Apprehended/Killed by SRO,false,None
20240109TXACH,,,,No Relation,Fled/Escaped,false,None
20240108MSSIS,,,,,Fled/Escaped,false,None
20240108CARIR,,,,,Fled/Escaped,false,None
20240104IAPEP,17,Male,,Student,Suicide,true,Suicide
20240103TNFRM,,,,No Relation,Fled/Escaped,false,None
20240103VAMAM,14,Male,,Student,Fled/Escaped,false,None
20240101LABAM,Adult,Male,,No Relation,Apprehended/Killed by LE,false,None
20231226RIEME,,,,,Fled/Escaped,false,None
20231220TXEAF,Teen,,,,Fled/Escaped,false,None
20231220NJKIN,,,,,Fled/Escaped,false,None
20231219COLEC,,,,,Fled/Escaped,false,None
20231219TXCYK,Teen,Male,,,Fled/Escaped,false,None
20231218VAORC,,,,,Fled/Escaped,false,None
20231218INEGH,14,Female,,Student,Apprehended/Killed by SRO,false,None
20231215CAPAP,Adult,Male,Hispanic,No Relation,Fled/Escaped,false,None
20231215TNLEN,,Male,,Nonstudent Using Athletic Facilities/Attending Game,Fled/Escaped,false,None
20231213MIDED,15,Male,,Student,Apprehended/Killed by LE,false,None
20231212MICOK,,,,,Fled/Escaped,false,None
20231211NYROQ,Teen,Male,,,Fled/Escaped,false,None
20231208MONOS,37,Male,,No Relation,Fled/Apprehended,false,None
20231208NMATA,16,Male,,Student,Fled/Apprehended,false,None
20231208VAWOW,17,Male,,Student,Fled/Apprehended,false,None
20231208WIBUW,33,Male,,Parent,Fled/Apprehended,false,None
20231206INLAL,13,Male,,Nonstudent Using Athletic Facilities/Attending Game,Fled/Apprehended,false,None
20231205NCVAH,,,,,Fled/Escaped,false,None
20231205TXNOA,Adult,Male,,No Relation,Fled/Apprehended,false,None
20231202VADRA,21,Male,Black,No Relation,Fled/Apprehended,false,None
20231202VADRA,18,Male,Black,No Relation,Fled/Apprehended,false,None
20231201OHBUA,15,Male,,Nonstudent,Apprehended/Killed by SRO,false,None
20231201OHNOC,Adult,Male,,No Relation,Fled/Escaped,false,None
20231201DCKIW,,Male,,,Fled/Escaped,false,None
20231130TXBUH,30,Male,,No Relation,Fled/Apprehended,true,Fatal
20231129OHMAT,18,Male,Black,No Relation,Fled/Apprehended,false,None
20231128TXNOH,Teen,Male,,Student,Fled/Apprehended,false,None
20231126OHEDD,Teen,Male,,,Fled/Escaped,false,None
20231123OHSOC,,,,Nonstudent Using Athletic Facilities/Attending Game,Fled/Escaped,false,None
20231119ILURU,Adult,Male,,No Relation,Fled/Escaped,false,None
20231117LAACL,Teen,Male,,Nonstudent Using Athletic Facilities/Attending Game,Fled/Apprehended,false,None
20231116CALAW,Adult,Male,,,Fled/Apprehended,false,None
20231116OHSTC,Adult,Male,,No Relation,Fled/Apprehended,false,None
20231114MILID,Teen,Male,,Student,Apprehended/Killed by SRO,false,None
2023114ILMAP,,,,,Fled/Escaped,false,None
2023113KYJEL,Teen,Male,,Student,Fled/Escaped,false,None
20231113NJCEN,,,,,Fled/Escaped,false,None
20231110CAVAV,,,,,Fled/Escaped,false,None
20231109NVLAL,44,Male,Black,No Relation,Fled/Apprehended,false,None
20231109ALESA,Teen,Male,,Nonstudent Using Athletic Facilities/Attending Game,Fled/Escaped,false,None
20231108CTLIN,Adult,Male,,No Relation,Subdued by Students/Staff/Other,false,None
20231107CABUB,15,Male,,Student,Fled/Apprehended,false,None
20231103INKII,15,Male,,Nonstudent,Fled/Apprehended,false,None
20231102NCFRM,20,Male,Black,No Relation,Fled/Apprehended,false,None
20231102NCFRM,20,Male,Black,No Relation,Fled/Apprehended,false,None
20231102OHWAL,20,Male,,No Relation,Fled/Apprehended,false,None
20231102ALSMS,16,Male,,Student,Fled/Apprehended,false,None
20231031NVCOL,Adult,Male,Hispanic,Parent,Fled/Apprehended,false,None
20231030NCRAR,,,,,Fled/Escaped,false,None
20231028TXDUS,Adult,,,Police Officer/SRO,Law Enforcement,false,None
20231027LADOD,21,Male,,No Relation,Fled/Apprehended,false,None
20231027MDCAB,15,Male,,Student,Apprehended/Killed by LE,false,Wounded
20231027MDCAB,15,Male,,Student,Apprehended/Killed by LE,false,Wounded
20231027MIDED,,,,,Fled/Escaped,false,None
20231026CALEL,Adult,,,Police Officer/SRO,Law Enforcement,false,None
20231026VTMOM,Adult,,,No Relation,Fled/Apprehended,false,None
20231026FLNFJ,Adult,Male,,No Relation,Apprehended/Killed by LE,false,None
20231024MDEDW,29,Male,,No Relation,Fled/Apprehended,false,None
20231023WIKEG,32,Male,White,No Relation,Apprehended/Killed by LE,true,Fatal
20231020FLLIT,16,Male,,Student,Apprehended/Killed by SRO,false,None
20231020FLFAT,53,Male,,Intimate Relationship,Suicide,true,Suicide
20231019WAEVV,16,Male,,Student,Fled/Apprehended,false,None
20231019ILMAC,,,,,Fled/Escaped,false,None
20231019TXNAA,,,,,Fled/Escaped,false,None
20231019CAGRF,12,Male,Black,Student,Subdued by Students/Staff/Other,false,None
20231018WILUW,Adult,Male,,No Relation,Apprehended/Killed by LE,true,Fatal
20231015OHEAT,23,Male,Black,Nonstudent Using Athletic Facilities/Attending Game,Fled/Apprehended,false,None
20231015MOKIK,39,Male,White,Parent,Subdued by Students/Staff/Other,false,None
20231015TXFRD,22,Male,Black,No Relation,Fled/Apprehended,false,None
20231015TXFRD,38,Male,Black,No Relation,Fled/Apprehended,false,None
20231013FLBOS,,,,,Fled/Escaped,false,None
20231013OHCLC,15,Male,,Student,Fled/Apprehended,false,None
20231011CAMAL,,,,No Relation,Fled/Escaped,false,None
20231011FLMIM,Adult,Male,,No Relation,Apprehended/Killed by LE,false,None
20231011TXSEF,Adult,,,Intimate Relationship,Fled/Escaped,false,None
20231010MOBAS,,,,,Fled/Escaped,false,None
20231010NCTEF,Adult,Male,,No Relation,Surrendered,false,None
20231010SCDAD,,,,,Fled/Escaped,false,None
20231008ILTHD,Adult,Male,,Nonstudent Using Athletic Facilities/Attending Game,Fled/Apprehended,false,None
20231006LATHT,13,Male,,Student,Fled/Apprehended,false,None
20231006MIOAO,,,,,Fled/Escaped,false,None
20231004PAMIE,4,,,Relative,Other,false,None
20231004COROD,15,Male,,No Relation,Fled/Apprehended,false,None
20231004WAGAS,,,,,Fled/Escaped,false,None
20231004GASAS,,,,,Fled/Escaped,false,None
20231002CAALL,Adult,Male,,No Relation,Fled/Escaped,false,None
20231002AZALP,,,,,Fled/Escaped,false,None
20230930GAGRG,17,Male,Black,,Fled/Escaped,false,None
20230929AKWAW,Adult,Male,,No Relation,Surrendered,false,None
20230929NCDUG,18,Male,,Student,Fled/Apprehended,false,None
20230929NCDUG,17,Male,,Student,Fled/Apprehended,false,None
20230928MDEDE,,,,,Apprehended/Killed by LE,false,None
20230928GAROC,Teen,Male,,Student,Surrendered,false,Wounded
20230925DCSTW,,,,No Relation,Fled/Escaped,false,None
20230925MDDUB,Teen,Male,,Student,Surrendered,false,Wounded
20230925MDGIB,,,,,Fled/Escaped,false,None
20230923OHMAC,Teen,Male,Black,No Relation,Fled/Escaped,false,None
20230922IAOTO,,,,,Fled/Escaped,false,None
20230922KYMAL,,,,,Fled/Escaped,false,None
20230922TNWEM,14,Male,,Student,Fled/Apprehended,false,None
20230922TNSWS,Teen,Male,,,Fled/Escaped,false,None
20230922WIMIM,,,,,Fled/Escaped,false,None
20230920ILVOC,,,,,Fled/Escaped,false,None
20230919TXKEB,11,Male,,Student,Apprehended/Killed by LE,false,None
20230919FLWOP,24,Male,Black,Nonstudent Using Athletic Facilities/Attending Game,Fled/Apprehended,false,None
20230919DCROW,,,,No Relation,Fled/Escaped,false,None
20230918MDDUB,Teen,,,Student,Apprehended/Killed by LE,false,None
20230916OHEAC,,,,No Relation,Fled/Escaped,false,None
20230915ILHIC,,,,,Fled/Escaped,false,None
20230915KSWYK,,,,,Fled/Escaped,false,None
20230915KSWYK,,,,,Fled/Escaped,false,None
20230915MDJAB,,,,,Fled/Escaped,false,None
20230914ILBOU,15,Male,,Student,Fled/Apprehended,false,None
20230914ILBOU,16,Male,,Student,Fled/Apprehended,false,None
20230914ILBOU,16,Male,,Student,Fled/Apprehended,false,None
20230914ILBOU,18,Male,,Student,Fled/Apprehended,false,None
20230913GALAA,Adult,Male,,Parent,Fled/Escaped,false,None
20230913DCLIW,,,,,Fled/Escaped,false,None
20230912WAEIY,15,Male,,Student,Fled/Apprehended,false,None
20230912LASTG,14,Male,,Student,Fled/Apprehended,false,None
20230911MDDUL,16,Male,,Student,Fled/Apprehended,false,None
20230911ARPRN,,,,,Fled/Escaped,false,None
20230909NYPRU,16,Male,,Student,Fled/Apprehended,false,None
20230908NCLUL,21,Male,,,Fled/Apprehended,false,None
20230908NCLUL,17,Male,,,Fled/Apprehended,false,None
20230906FLANT,32,Female,Black,Parent,Fled/Apprehended,false,None
20230905CASKO,Teen,Male,,Student,Fled/Apprehended,false,None
20230901TNMEM,,Male,,,Fled/Escaped,false,None
20230901MDDUB,15,Male,,,Fled/Apprehended,false,None
20230901ILMOC,,,,,Fled/Escaped,false,None
20230901LAPOP,,,,,Fled/Escaped,false,None
20230831KSWEW,,,,,Fled/Escaped,false,None
20230831MSBRB,11,Male,,Student,Fled/Apprehended,false,None
20230831WANOD,Teen,Male,,No Relation,Fled/Escaped,false,None
20230831WANOD,Teen,Male,,No Relation,Fled/Escaped,false,None
20230831WANOD,Teen,Male,,No Relation,Fled/Escaped,false,None
20230829NVCLL,,,,,Fled/Escaped,false,None
20230826CAFAF,Adult,,,,Fled/Escaped,false,None
20230825MSOBG,Adult,Male,,,Fled/Escaped,false,None
20230825MSOBG,Adult,Male,,,Fled/Escaped,false,None
20230825MSOBG,Adult,Male,,,Fled/Escaped,false,None
20230825MSOBG,Adult,Male,,,Fled/Escaped,false,None
20230825CADRL,,,,,Fled/Escaped,false,None
20230825OKBOT,Teen,Male,Hispanic,Student,Fled/Escaped,false,None
20230825SCGEG,19,Male,Black,Nonstudent Using Athletic Facilities/Attending Game,Fled/Apprehended,false,None
20230825OKCHC,15,Male,,Student,Fled/Apprehended,false,None
20230824NMRAT,,,,,Fled/Escaped,false,None
20230824VAWAP,,,,,Fled/Escaped,false,None
20230824VAKEV,,,,No Relation,Fled/Escaped,false,None
20230824AZPHP,Child,,,Student,Apprehended/Killed by LE,false,None
20230823MDTOT,,,,,Fled/Escaped,false,None
20230822OKSTS,Teen,Male,,Student,Fled/Apprehended,false,None
20230822TNSTC,Adult,Male,,,Apprehended/Killed by SRO,false,None
20230822TXJES,Child,Male,,Student,Apprehended/Killed by Other,false,None
20230818GANOK,Teen,Male,,Student,Fled/Escaped,false,None
20230818CAETR,Teen,Male,,Student,Fled/Escaped,false,None
20230818GAJOJ,Teen,Male,,Student,Fled/Escaped,false,None
20230818MSPAP,Teen,Male,,Student,Fled/Escaped,false,None
20230818FLFIJ,15,Male,,Student,Fled/Apprehended,false,Wounded
20230816GAJOA,Teen,Male,,Student,Fled/Apprehended,false,None
20230813NEWON,14,Male,,No Relation,Fled/Apprehended,false,None
20230812MSSTS,,,,,Fled/Escaped,false,None
20230810TNCOM,22,Male,,Nonstudent Using Athletic Facilities/Attending Game,Fled/Apprehended,false,None
20230808ILBOC,,,,,Fled/Escaped,false,None
20230807WAHIS,,,,No Relation,Fled/Escaped,false,None
20230731TNMAM,33,Male,White,Former Student,Fled/Apprehended,false,Wounded
20230726DCMAW,Adult,Male,Black,Nonstudent Using Athletic Facilities/Attending Game,Fled/Escaped,false,None
20230725TNFRM,Adult,Male,,No Relation,Fled/Escaped,false,None
20230725NCJUC,Adult,,,No Relation,Fled/Escaped,false,None
20230724PAJOH,15,Male,,,Fled/Apprehended,false,None
20230718NYFRB,17,Male,,Student,Fled/Escaped,false,None
20230716GALOH,20,Male,,No Relation,Apprehended/Killed by LE,false,None
20230714NYKIT,Teen,Male,,No Relation,Fled/Escaped,false,None
20230714TXJAS,Teen,Male,,No Relation,Apprehended/Killed by LE,false,None
20230708ALWOB,19,Male,,No Relation,Suicide,true,Suicide
20230707MDPIP,,,,,Fled/Escaped,false,None
20230706OHHUC,,,,,Fled/Escaped,false,None
20230702MNUNF,19,Male,,,Fled/Apprehended,false,None
20230623NMKEA,17,Male,,No Relation,Fled/Apprehended,false,None
20230622ARSOS,29,Male,White,No Relation,Fled/Apprehended,false,None
20230613PAJUP,Adult,Male,,No Relation,Fled/Escaped,false,None
20230612NJRIM,18,Male,,No Relation,Fled/Apprehended,false,None
20230612GAKEC,,,,,Fled/Escaped,false,None
20230609DCTUW,,,,No Relation,Fled/Escaped,false,None
20230607VADRA,21,Male,,No Relation,Fled/Apprehended,false,None
20230607WIMIM,,,,,Fled/Escaped,false,None
20230606VAHUR,19,Male,,,Fled/Apprehended,false,None
20230605MIMIW,22,Male,Black,Relative,Fled/Apprehended,false,None
20230605MARID,,,,,Fled/Escaped,false,None
20230602MAWOW,,,,,Fled/Escaped,false,None
20230602MDSAE,Teen,Male,,No Relation,Surrendered,false,Wounded
20230602MDSAE,Teen,Male,,No Relation,Surrendered,false,Wounded
20230601TXCAF,Adult,Male,,,Fled/Escaped,false,None
20230531CABAB,19,Male,Black,,Fled/Apprehended,false,None
20230528GABEA,Teen,Male,,Student,Fled/Escaped,false,None
20230526MIHAH,,,,,Fled/Escaped,false,None
20230526NYMOM,,,,,Fled/Escaped,false,None
20230525PASAB,Teen,,,No Relation,Fled/Escaped,false,None
20230525OHBEC,Adult,Male,,No Relation,Fled/Escaped,false,None
20230525CABEM,Adult,Male,,No Relation,Fled/Escaped,false,None
20230525MNWAM,16,Male,,Student,Fled/Apprehended,false,None
20230524NCJHG,19,Male,,No Relation,Fled/Apprehended,false,None
20230524PAOLP,15,Male,,Student,Fled/Apprehended,false,None
20230524NCNOD,16,Male,,,Apprehended/Killed by LE,false,None
20230523MIYPY,,,,No Relation,Fled/Escaped,false,None
20230522MASTD,Adult,,,Police Officer/SRO,Law Enforcement,false,None
20230522DCKID,Teen,Male,,,Fled/Escaped,false,None
20230521NJCEN,Teen,Male,,,Fled/Escaped,false,None
20230519AZBOP,15,Male,,Student,Apprehended/Killed by LE,false,None
20230519DEFAD,,,,,Fled/Escaped,false,None
20230519NYPSS,Teen,Male,,Student,Fled/Escaped,false,None
20230518WAGAS,Teen,Male,,,Fled/Escaped,false,None
20230518CACHW,Adult,Male,,No Relation,Fled/Apprehended,false,None
20230517DCTHW,,Male,,,Fled/Escaped,false,None
20230516NJSCP,59,Male,,No Relation,Fled/Apprehended,false,None
20230516OHEAC,,Male,,,Fled/Escaped,false,None
20230516MNDAM,Teen,Male,Black,,Fled/Escaped,false,None
20230516MNDAM,Teen,Male,Black,,Fled/Escaped,false,None
20230516MNDAM,Teen,Male,Black,,Fled/Escaped,false,None
20230515ININI,16,Male,Black,Student,Apprehended/Killed by LE,false,None
20230515ININI,16,Male,Black,Student,Apprehended/Killed by LE,false,None
20230515CAPIP,Adult,Male,,No Relation,Apprehended/Killed by LE,false,None
20230515ORCRP,13,Male,,Former Student,Apprehended/Killed by LE,false,None
20230512OHEDD,19,Male,Black,No Relation,Fled/Apprehended,false,None
20230512OHEDD,Teen,Male,,No Relation,Fled/Escaped,false,None
20230512DCKEW,Adult,Male,,No Relation,Fled/Escaped,false,None
20230512TNLEL,Adult,Male,,Parent,Surrendered,false,Wounded
20230511MDNOF,18,Male,,No Relation,Fled/Apprehended,false,None
20230511ILNER,10,Female,,Student,Subdued by Students/Staff/Other,false,None
20230510NYPSQ,Teen,Male,,Nonstudent Using Athletic Facilities/Attending Game,Fled/Escaped,false,None
20230509CACAO,,,,,Fled/Escaped,false,None
20230508SCSUS,Teen,Male,,Student,Fled/Apprehended,false,None
20230508PAEWP,12,Male,,Student,Fled/Apprehended,false,None
20230508NVVOL,18,Male,Hispanic,No Relation,Fled/Apprehended,false,None
20230506SCCOL,14,Male,,Nonstudent Using Athletic Facilities/Attending Game,Surrendered,false,None
20230505INLIE,Teen,Male,,,Fled/Escaped,false,None
20230503NCJOE,,,,,Fled/Escaped,false,None
20230502AZRAM,Adult,Male,,No Relation,Fled/Escaped,false,None
20230501MDPRS,15,Male,Black,Student,Fled/Apprehended,false,None
20230501MIINF,30,Female,,Parent,Fled/Apprehended,false,None
20230430CAKNP,Adult,Female,,Parent,Apprehended/Killed by LE,false,None
20230430KYPAP,Teen,Male,,Student,Fled/Escaped,false,None
20230430KYPAP,Teen,Male,,Student,Fled/Escaped,false,None
20230428TNWEK,14,Male,,Student,Surrendered,false,None
20230427GACHK,,,,,Fled/Escaped,false,None
20230427VAGER,18,Male,,Student,Fled/Apprehended,false,None
20230426MNLIH,Teen,Male,,Former Student,Fled/Apprehended,false,None
20230426MNLIH,Teen,Male,,Former Student,Fled/Apprehended,false,None
20230426MNLIH,Teen,Male,,Former Student,Fled/Apprehended,false,None
20230426CTJON,,,,,Fled/Escaped,false,None
20230425NVCOH,,,,,Fled/Escaped,false,None
20230425CAKIL,,,,,Fled/Escaped,false,None
20230423VAJOD,,Male,,Nonstudent Using Athletic Facilities/Attending Game,Fled/Escaped,false,None
20230420ARLIL,,,,,Fled/Escaped,false,None
20230419FLFOA,Adult,Male,,Parent,Apprehended/Killed by LE,false,None
20230418TXRIH,Adult,Male,,No Relation,Fled/Escaped,false,None
20230417LASON,,,,,Fled/Escaped,false,None
20230414AZDEP,38,Male,,No Relation,Fled/Apprehended,false,None
20230414WIWAW,17,Male,,Student,Surrendered,false,None
20230414PAWOP,,,,No Relation,Fled/Escaped,false,None
20230413ILCHC,Adult,Male,,No Relation,Fled/Escaped,false,None
20230413ILCHC,Adult,Male,,No Relation,Surrendered,false,None
20230412TXLOH,12,Male,Hispanic,,Fled/Escaped,false,None
20230412CACES,,,,,Fled/Escaped,false,None
20230407WACHS,,,,,Fled/Escaped,false,None
20230406NCSOW,14,Male,,Student,Fled/Apprehended,false,None
20230405OHROC,Teen,Male,,Student,Fled/Apprehended,false,None
20230405SCHOG,Teen,Male,,No Relation,Fled/Escaped,false,None
20230404TXCHH,18,Male,,Student,Surrendered,false,None
20230404OHWOC,Teen,Male,,Student,Fled/Apprehended,false,None
20230404OHWOC,Teen,Male,,Student,Fled/Apprehended,false,None
20230403PAFAP,,,,,Fled/Escaped,false,None
20230331MSGNJ,,,,,Fled/Escaped,false,None
20230331CAWOC,,,,,Fled/Escaped,false,None
20230331DCCAD,,,,,Fled/Escaped,false,None
20230331CAJAR,33,Male,,No Relation,Suicide,true,Suicide
20230330NCFOW,18,Male,,Student,Apprehended/Killed by LE,false,Wounded
20230329MDBRO,,,,,Fled/Escaped,false,None
20230329GANED,29,Male,Black,Nonstudent Using Athletic Facilities/Attending Game,Apprehended/Killed by LE,true,Fatal
20230331NCLIR,Adult,Male,Hispanic,No Relation,Apprehended/Killed by LE,true,Fatal
20230327TNCON,28,Transgender,White,Former Student,Apprehended/Killed by LE,true,Fatal
20230324INNOM,43,Male,White,Teacher,Suicide,true,Suicide
20230324NJTHM,,,,,Fled/Escaped,false,None
20230323TNHAM,13,Male,Black,Student,Fled/Escaped,false,None
20230322ALANA,Teen,Male,,Student,Fled/Apprehended,false,None
20230322PAHAP,,,,No Relation,Fled/Escaped,false,None
20230322COEAD,17,Male,,Student,Fled/Escaped,true,Suicide
20230321TXTHD,Teen,Male,,Student,Fled/Apprehended,false,None
20230320TXLAA,15,Male,,Student,Fled/Apprehended,false,None
20230319ORFOS,Adult,Male,,No Relation,Apprehended/Killed by LE,false,None
20230316NCLOD,14,Male,,Student,Apprehended/Killed by SRO,false,None
20230316DCCOW,Teen,Male,,,Fled/Escaped,false,None
20230316NYPSB,Teen,Male,,No Relation,Fled/Escaped,false,None
20230316NYPSB,Teen,Male,,No Relation,Fled/Escaped,false,None
20230315COINB,Teen,Male,,Student,Fled/Apprehended,false,None
20230315COINB,Teen,Male,,Student,Fled/Apprehended,false,None
20230315CALIG,,,,,Fled/Escaped,false,None
20230315MICEW,,,,,Fled/Escaped,false,None
20230313NYPSN,Teen,Male,,Nonstudent,Fled/Escaped,false,None
20230314NYHAN,Teen,Male,,Nonstudent,Fled/Escaped,false,None
20230314NYMAM,19,,,Former Student,Fled/Apprehended,false,None
20230309WIBAM,18,Male,Black,Student,Fled/Apprehended,false,None
20230309OHMAM,,,,Nonstudent,Fled/Escaped,false,None
20230308WVHIH,23,Male,White,No Relation,Apprehended/Killed by LE,false,None
20230308PAHEP,,,,No Relation,Fled/Escaped,false,None
20230307INTHI,,,,,Fled/Escaped,false,None
20230306NYPAN,,,,,Fled/Escaped,false,None
20230306TXPAA,16,Male,,Student,Fled/Apprehended,false,None
20230306TXPAA,18,Male,,Student,Fled/Apprehended,false,None
20230306MDLEB,Adult,Male,,Parent,Fled/Escaped,false,None
20230306MISTR,13,Male,,Student,Fled/Apprehended,false,None
20230306MDPAB,23,Male,,No Relation,Fled/Apprehended,false,None
20230303MTGAL,Teen,,,,Fled/Apprehended,false,None
20230303MTGAL,Teen,,,,Fled/Apprehended,false,None
20230301ILMAM,18,Male,White,No Relation,Fled/Apprehended,false,None
20230301ILMAM,23,Male,White,No Relation,Fled/Apprehended,false,None
20230301ILMAM,18,Male,White,No Relation,Fled/Apprehended,false,None
20230301GASAS,16,Male,,Nonstudent,Fled/Apprehended,false,None
20230301ILSAC,18,Male,,No Relation,Apprehended/Killed by LE,false,Wounded
20230301CONOP,Adult,Male,,No Relation,Apprehended/Killed by LE,true,Fatal
20230227CAGAC,Adult,,,,Fled/Escaped,false,None
20230223OHWOC,,,,,Fled/Escaped,false,None
20230222COESE,Adult,,,Police Officer/SRO,Law Enforcement,false,None
20230221LARUR,,,,,Fled/Escaped,false,None
20230217NCERE,9,Male,,Student,Apprehended/Killed by SRO,false,None
20230217ILCAC,,,,,Fled/Escaped,false,None
20230216TXGAG,17,Male,,,Fled/Apprehended,false,None
20230215TXDAH,Adult,,,Police Officer/SRO,Law Enforcement,false,None
20230215OHCOC,18,Male,,Student,Fled/Apprehended,false,None
20230215MDWAB,,,,,Fled/Escaped,false,None
20230214GAMID,Teen,,,Student,Apprehended/Killed by SRO,false,None
20230214PAWEP,14,Male,,Student,Fled/Apprehended,false,None
20230214PAWEP,17,Male,,Student,Fled/Apprehended,false,None
20230213NYPSS,,,,,Fled/Escaped,false,None
20230213COEMD,18,Male,,Student,Fled/Apprehended,false,None
20230213COEAD,16,Male,,Student,Fled/Apprehended,false,None
20230213COEAD,17,Male,,Student,Fled/Apprehended,false,None
20230213TXDAD,Teen,,,Student,Surrendered,false,None
20230210CAHEF,Child,Male,,Student,Fled/Escaped,false,None
20230208PASPR,15,Male,,Student,Fled/Apprehended,false,None
20230208NYWIB,Teen,Male,Black,Student,Fled/Escaped,false,None
20230206ARKIF,14,Male,,Student,Fled/Apprehended,false,None
20230206DEAPM,16,Male,,Student,Fled/Apprehended,false,None
20230206FLMIM,16,Male,,Student,Fled/Apprehended,false,None
20230202UTPAS,18,Male,,Nonstudent Using Athletic Facilities/Attending Game,Fled/Apprehended,false,None
20230202OHRIP,Adult,Male,,Parent,Suicide,true,Fatal
20230131ILZIZ,17,Male,,Former Student,Fled/Apprehended,false,None
20230131OKGEG,Adult,Male,,Parent,Surrendered,false,None
20230130ALHOM,,,,,Fled/Escaped,false,None
20230130DCCOW,,,,,Fled/Escaped,false,None
20230130AZGIY,16,Male,,Student,Fled/Apprehended,false,None
20230128MOGLS,20,Male,,No Relation,Fled/Apprehended,false,None
20230127NJHOW,15,Male,,Nonstudent,Apprehended/Killed by LE,false,None
20230126UTTAT,Teen,Male,,Student,Fled/Escaped,false,None
20230125OHTOT,,,,No Relation,Fled/Escaped,false,None
20230124MOTHK,,,,,Fled/Escaped,false,None
20230123TXABA,Teen,,,Student,Fled/Apprehended,false,None
20230123IASTD,18,Male,Black,Student,Fled/Apprehended,false,None
20230122WAMOT,Adult,,,No Relation,Fled/Escaped,false,None
20230121FLGLB,23,Male,Black,No Relation,Apprehended/Killed by LE,false,None
20230120MNWAS,19,Male,Asian,Student,Fled/Apprehended,false,None
20230119NYEAB,17,Male,,Student,Fled/Apprehended,false,None
20230118NYCAQ,13,Male,,Student,Fled/Apprehended,false,None
20230118OKDED,18,Male,,Nonstudent Using Athletic Facilities/Attending Game,Fled/Apprehended,false,None
20230117FLMAB,17,Male,,Student,Fled/Apprehended,false,None
20230117FLMAB,11,Male,,Student,Fled/Apprehended,false,None
20230111VTSPV,14,,,Student,Fled/Apprehended,false,None
20230111VALAP,,,,,Fled/Escaped,false,None
20230110UTWES,,,,,Fled/Escaped,false,None
20230110KYSAS,Adult,,,Other Staff,Fled/Apprehended,false,Wounded
20230110DEWIN,16,Male,,Student,Fled/Apprehended,false,None
20230110OHJOC,,,,,Fled/Escaped,false,None
20230110LABON,,,,,Fled/Escaped,false,None
20230109VAPRW,18,Male,,No Relation,Fled/Apprehended,false,None
20230107ORFRP,15,Male,,Student,Fled/Apprehended,false,None
20230106MDBEB,16,Male,,Student,Fled/Apprehended,false,None
20230106MDBEB,17,Male,,Student,Fled/Apprehended,false,None
20230106MIOAD,,,,,Fled/Apprehended,false,None
20230106FLWEA,,Male,,,Fled/Escaped,false,None
20230106VARIN,6,Male,,Student,,false,None
20230105OHBEC,15,Male,,Student,Fled/Apprehended,false,None
20230105NYFRR,,,,,Fled/Escaped,false,None
20230104MITRD,,,,No Relation,Fled/Escaped,false,None
20221221CTNEN,,,,No Relation,Fled/Escaped,false,None
20221221CAWOW,Adult,,,No Relation,Fled/Apprehended,false,None
20221216ILBEC,16,Male,,Former Student,Fled/Apprehended,false,None
20221214OHLIC,Teen,,,Student,Fled/Escaped,false,None
20221212ORGRP,,,,,Fled/Escaped,false,None
20221210TNBRC,,,,,Fled/Escaped,false,None
20221209PAMEP,,,,No Relation,Fled/Escaped,false,None
20221209OHMED,,,,,Fled/Escaped,false,None
20221208NCFUG,12,Male,,Student,Subdued by Students/Staff/Other,false,None
20221208MDSUD,14,Male,,Student,Fled/Apprehended,false,None
20221206ALLEM,,,,,Apprehended/Killed by LE,false,None
20221206MOCOS,20,Female,,No Relation,Apprehended/Killed by SRO,false,Wounded
20221206INSUW,11,Male,,Student,Apprehended/Killed by LE,false,None
20221206ILMIC,,,,,Fled/Escaped,false,None
20221206MDHAH,Teen,Male,,Student,Fled/Apprehended,false,None
20221205TNFRM,15,Male,,Student,Fled/Apprehended,false,None
20221203WISOM,27,Male,,Nonstudent Using Athletic Facilities/Attending Game,Fled/Apprehended,false,None
20221202DEDEW,Adult,Male,,No Relation,Fled/Apprehended,false,None
20221121MIHED,Teen,Male,Black,Nonstudent,Fled/Apprehended,false,None
20221121MIHED,16,Male,Black,,Fled/Apprehended,false,None
20221121MIHED,Teen,Male,Black,,Fled/Escaped,false,None
20221122MISTS,,,,,Fled/Escaped,false,None
20221118NYROS,,,,,Fled/Escaped,false,None
20221118DCJAW,,Male,,,Fled/Escaped,false,None
20221117CAEAL,,,,,Fled/Escaped,false,None
20221117INSOC,Adult,Male,,Police Officer/SRO,Law Enforcement,false,None
20221116ORMCM,,,,,Fled/Escaped,false,None
20221116NCLUL,Adult,Male,,,Fled/Escaped,false,None
20221115TNMAN,Adult,Male,,No Relation,Fled/Escaped,false,None
20221115LABAB,Adult,Male,,No Relation,Apprehended/Killed by SRO,false,Wounded
20221115LABAB,Teen,Male,,No Relation,Apprehended/Killed by SRO,false,Wounded
20221112FLJOO,Teen,Male,,,Fled/Escaped,false,None
20221112FLJOO,17,Male,Black,Former Student,Fled/Apprehended,false,None
20221112FLJOO,15,Male,,,Fled/Apprehended,false,None
20221111MSRAR,,,,,Fled/Escaped,false,None
20221109KYCAC,37,Male,,Parent,Surrendered,false,Wounded
20221108WAINS,14,Male,,Student,Fled/Apprehended,false,None
20221106VAHUH,Adult,Male,,No Relation,Fled/Apprehended,false,None
20221105TXDAF,Adult,,,Police Officer/SRO,Law Enforcement,false,None
20221104KYVAL,20,Male,,No Relation,Fled/Apprehended,false,None
20221103GASHS,,,,,Fled/Escaped,false,None
20221102DCMCW,Teen,Male,,,Fled/Escaped,false,None
20221029TXAVA,Teen,Male,,No Relation,Fled/Escaped,false,None
20221029COCRH,65,Male,,Nonstudent Using Athletic Facilities/Attending Game,Apprehended/Killed by LE,false,None
20221028NCWAT,20,Male,,Nonstudent Using Athletic Facilities/Attending Game,Fled/Apprehended,false,None
20221028TXROR,Teen,Male,,Student,Apprehended/Killed by SRO,false,None
20221028ARROR,12,,,,Fled/Apprehended,false,None
20221026TXUTU,Adult,Male,,Other Staff,Surrendered,false,None
20221026ILMIW,,,,No Relation,Fled/Escaped,false,None
20221025PAPAP,Adult,Male,,No Relation,Fled/Apprehended,false,None
20221025NYTOS,Teen,Male,,Student,Fled/Escaped,false,None
20221024MOCES,19,Male,,Former Student,Apprehended/Killed by LE,true,Fatal
20221022OHDUC,,,,No Relation,Fled/Escaped,false,None
20221022ILCHC,Adult,Male,,No Relation,Fled/Escaped,false,None
20221022ILCHC,Adult,Male,,No Relation,Fled/Escaped,false,None
20221021OHSHS,Adult,,,Police Officer/SRO,Law Enforcement,false,None
20221021CAGRS,15,Male,,Student,Fled/Apprehended,false,None
20221020COCAD,Adult,Male,,No Relation,Fled/Apprehended,false,None
20221020PAPAP,Adult,Male,,No Relation,Surrendered,false,None
20221019TNROR,,Male,,,Surrendered,false,None
20221018NVSUL,,,,,Fled/Escaped,false,None
20221018ORJEP,,,,,Fled/Escaped,false,None
20221017CAWIS,,,,,Fled/Escaped,false,None
20221017FLORT,Adult,Male,,No Relation,Fled/Escaped,false,None
20221016VAFAR,Adult,,,No Relation,Fled/Escaped,false,None
20221014LAJHA,,,,,Fled/Escaped,false,None
20220908LAJHA,Teen,,,,Fled/Escaped,false,None
20221014NCJAG,Adult,,,Nonstudent Using Athletic Facilities/Attending Game,Fled/Apprehended,false,None
20221014NCJAG,Adult,,,Nonstudent Using Athletic Facilities/Attending Game,Apprehended/Killed by LE,false,None
20221014VAWER,Adult,,,,Fled/Escaped,false,None
20221014LABOB,Teen,,,Nonstudent Using Athletic Facilities/Attending Game,Fled/Escaped,false,None
20221014LABOB,Adult,,,Nonstudent Using Athletic Facilities/Attending Game,Fled/Apprehended,false,None
20221014LABOB,15,,,Nonstudent Using Athletic Facilities/Attending Game,Apprehended/Killed by Other,true,Fatal
20221014TNRIM,,,,,Fled/Escaped,false,None
20221013NYSCB,Adult,,,No Relation,Fled/Escaped,false,None
20221013NYSCB,Adult,,,No Relation,Fled/Escaped,false,None
20221013TXJOD,Child,,,Student,Surrendered,false,None
20221012NCCAC,14,Male,,Student,Surrendered,false,None
20221011ORREP,,,,,Fled/Escaped,false,None
20221011KSSAS,15,Male,,Student,Fled/Apprehended,false,None
20221010WIJAM,17,Male,Black,Nonstudent Using Athletic Facilities/Attending Game,Fled/Apprehended,false,Wounded
20221009MAWAA,,,,No Relation,Fled/Escaped,false,None
20221008MOJCK,Teen,,,Student,Fled/Escaped,false,None
20221007MIBAB,,,,,Fled/Escaped,false,None
20221007NCJHG,,,,,Fled/Escaped,false,None
20221007AZCAP,,,,,Fled/Escaped,false,None
20221007OHWHT,,Male,,,Fled/Escaped,false,None
20221006OHMAC,Adult,,,Nonstudent Using Athletic Facilities/Attending Game,Fled/Escaped,false,None
20221004MAJB,17,Male,,Student,Fled/Apprehended,false,None
20221004NCPIS,Child,,,No Relation,Fled/Apprehended,false,None
20221003MIOXO,Adult,,,Police Officer/SRO,Law Enforcement,false,None
20221001CACOO,37,Male,,,Fled/Apprehended,false,None
20220930OKMCT,16,Male,,Student,Fled/Apprehended,false,None
20220930NYNEN,,,,,Fled/Escaped,false,None
20220928LASEB,15,Male,,Student,Fled/Apprehended,false,None
20220928CARUO,Adult,,,,Fled/Escaped,false,None
20220928CARUO,Adult,,,,Fled/Escaped,false,None
20220927PAROP,21,Male,Black,No Relation,Fled/Apprehended,false,None
20220927PAROP,17,Male,Black,Student,Fled/Apprehended,false,None
20220927PAROP,15,Male,Black,Student,Fled/Apprehended,false,None
20220927PAROP,16,Male,Black,Student,Fled/Apprehended,false,None
20220927PAROP,16,Male,Black,Student,Fled/Apprehended,false,None
20220927TXHGD,,,,,Fled/Escaped,false,None
20220926GAVAV,,Male,,,Fled/Escaped,false,None
20220923CANOC,Teen,Male,,Nonstudent Using Athletic Facilities/Attending Game,Fled/Escaped,false,None
20220923WIROM,Adult,Male,,No Relation,Fled/Escaped,false,None
20220923PAWEP,,,,,Fled/Escaped,false,None
20220923DEAPM,,,,,Fled/Escaped,false,None
20220923MNRIM,15,Male,,Student,Fled/Apprehended,false,None
20220923MNRIM,16,Male,,Former Student,Fled/Apprehended,false,None
20220922AZMOP,29,Female,Black,Parent,Apprehended/Killed by SRO,false,None
20220921INJAS,Teen,,,Student,Fled/Apprehended,false,None
20220920NYINB,36,Female,,No Relation,Suicide,false,Suicide
20220919FLTRS,Adult,Male,,Police Officer/SRO,Other,false,None
20220919LALAN,Child,Male,,Student,Apprehended/Killed by LE,false,None
20220917GAJOA,19,Male,Black,Nonstudent Using Athletic Facilities/Attending Game,Fled/Escaped,false,None
20220916GALAA,Adult,,,Nonstudent Using Athletic Facilities/Attending Game,Fled/Escaped,false,None
20220916GALAA,Adult,,,Nonstudent Using Athletic Facilities/Attending Game,Fled/Escaped,false,None
20220916GALAA,Adult,,,Nonstudent Using Athletic Facilities/Attending Game,Fled/Escaped,false,None
20220916NYPSN,Teen,Male,,Nonstudent Using Athletic Facilities/Attending Game,Fled/Escaped,false,None
20220914PACON,Teen,,,Student,Apprehended/Killed by LE,false,None
20220913UTBOB,Teen,Male,,Student,Fled/Apprehended,false,None
20220913MIJAJ,,,,,Fled/Escaped,false,None
20220913MDOXO,,,,,Fled/Escaped,false,None
20220913CAVAV,Teen,Male,,Student,Fled/Escaped,false,None
20220909WIWIR,,,,,Fled/Escaped,false,None
20220909WIMIM,,,,No Relation,Fled/Escaped,false,None
20220907OHBEB,Adult,Male,White,No Relation,Other,false,None
20220907MDCAB,,,,,Fled/Escaped,false,None
20220907WIBAM,17,Male,Black,No Relation,Fled/Apprehended,false,None
20220907WIBAM,27,Male,Black,No Relation,Fled/Apprehended,false,None
20220906IANOS,16,,,Student,Fled/Apprehended,false,None
20220906IANOS,14,,,Student,Fled/Apprehended,false,None
20220904FLBOL,Adult,Male,,Nonstudent Using Athletic Facilities/Attending Game,Fled/Escaped,false,None
20220902MDMEB,17,Male,,Rival School Student,Apprehended/Killed by SRO,false,None
20220902INJEL,15,Male,,Student,Fled/Apprehended,false,None
20220831DCIDW,15,Male,,Student,Fled/Apprehended,false,None
20220831NMDEA,17,Male,,Student,Fled/Apprehended,false,None
20220831PAFRP,,,,No Relation,Fled/Escaped,false,None
20220829CAMAO,12,Male,,Student,Fled/Apprehended,false,None
20220827MONOS,42,Male,,Nonstudent Using Athletic Facilities/Attending Game,Fled/Apprehended,false,None
20220826OHGAC,,,,,Fled/Escaped,false,None
20220823OHINC,,,,,Fled/Escaped,false,None
20220823OHART,Adult,,,Parent,Fled/Escaped,false,None
20220819LAAKN,12,Female,Black,Student,Fled/Apprehended,false,None
20220819OHGRG,18,Male,Black,Nonstudent Using Athletic Facilities/Attending Game,Apprehended/Killed by LE,false,None
20220819TNWEC,16,Male,,,Fled/Apprehended,false,None
20220818FLLER,18,Male,,Former Student,Fled/Apprehended,false,Wounded
20220816TXPOB,Teen,Male,,No Relation,Fled/Apprehended,false,None
20220815CALIS,17,Male,,Student,Apprehended/Killed by SRO,false,None
20220813ARMAL,,,,No Relation,Fled/Escaped,false,None
20220812MISUG,Adult,Male,,No Relation,Fled/Apprehended,false,None
20220812CASIV,,,,,Fled/Escaped,false,None
20220811GAUCB,64,Male,,Other Staff,Fled/Apprehended,false,None
20220810GAMCA,18,Male,,Student,Apprehended/Killed by SRO,false,None
20220809PACHP,Adult,,,No Relation,Fled/Escaped,false,None
20220805MATHL,25,Male,,Nonstudent Using Athletic Facilities/Attending Game,Fled/Apprehended,false,None
20220805GAJOJ,27,Male,Black,No Relation,Apprehended/Killed by LE,false,None
20220803PALEP,Adult,Male,,No Relation,Fled/Escaped,false,None
20220731CAOAO,Adult,,,Nonstudent Using Athletic Facilities/Attending Game,Fled/Escaped,false,None
20220731CAOAO,Adult,,,Nonstudent Using Athletic Facilities/Attending Game,Fled/Escaped,false,None
20220731CAOAO,Adult,Male,,Nonstudent Using Athletic Facilities/Attending Game,Fled/Escaped,false,None
20220730NYRHH,,,,No Relation,Fled/Escaped,false,None
20220729INCOS,51,Male,,No Relation,Attempted Suicide,true,Suicide
20220728KSMOG,22,Male,,No Relation,Attempted Suicide,false,Suicide
20220726PALAL,20,Male,White,No Relation,Fled/Apprehended,false,None
20220726TXCOC,Adult,Male,Black,,Fled/Escaped,false,None
20220725NYBRB,Adult,Male,Black,No Relation,Fled/Escaped,false,None
20220720CAJOV,Adult,Male,Hispanic,No Relation,Fled/Escaped,false,None
20220716NYCLS,Adult,Male,,Nonstudent Using Athletic Facilities/Attending Game,Fled/Escaped,false,None
20220716GAAPF,Adult,,,No Relation,Fled/Escaped,false,None
20220629CABUA,,,,No Relation,Fled/Escaped,false,None
20220620ILGRC,,,,No Relation,Fled/Escaped,false,None
20220613WAMAE,15,Male,,Student,Fled/Apprehended,false,None
20220610ALBYB,Teen,Male,,Student,Fled/Apprehended,false,None
20220609ALWAG,,,,Police Officer/SRO,Law Enforcement,false,None
20220608ARLIL,,,,No Relation,Fled/Escaped,false,None
20220607MIPED,,,,,Apprehended/Killed by SRO,false,None
20220605INWEG,Teen,,,,Apprehended/Killed by LE,false,None
20220601CAULL,,Male,,,Fled/Escaped,false,None
20220531LAMON,18,Male,Black,,Fled/Apprehended,false,None
20220531LAMON,40,Male,,Relative,Fled/Apprehended,false,None
20220530CAHEL,Adult,Male,,No Relation,Fled/Escaped,false,None
20220529ILDAC,,,,,Fled/Escaped,false,None
20220529ILDAC,,,,,Fled/Escaped,false,None
20220529ILDAC,,,,,Fled/Escaped,false,None
20220526TXDUA,55,Male,White,Relative,Surrendered,false,Wounded
20220526SCMEG,,,,,Fled/Escaped,false,None
20220525ILSTC,,,,,Fled/Escaped,false,None
20220524WIRIM,Teen,Male,,Student,Fled/Escaped,false,None
20220524TXROU,18,Male,,,Apprehended/Killed by LE,true,Fatal
20220524DCPOW,,,,,Fled/Escaped,false,None
20220523PASIP,,,,,Fled/Escaped,false,None
20220520VAPOD,Teen,Male,,Student,Apprehended/Killed by SRO,false,None
20220520TNEAC,,,,No Relation,Fled/Escaped,false,None
20220520OHCAC,Teen,Male,,Student,Fled/Apprehended,false,None
20220520ILSOP,Adult,Female,,No Relation,Apprehended/Killed by LE,false,None
20220520ALMAT,,,,No Relation,Fled/Escaped,false,None
20220519VAGER,,,,,Fled/Escaped,false,None
20220519MIEAK,18,Male,Black,Nonstudent,Fled/Apprehended,false,None
20220519MIEAK,18,Male,Black,Nonstudent,Fled/Apprehended,false,None
20220519MIEAK,,,,,Fled/Escaped,false,None
20220519MIEAK,,,,,Fled/Escaped,false,None
20220519MIEAK,,,,,Fled/Escaped,false,None
20220518TNRIM,17,Male,,Former Student,Fled/Apprehended,false,None
20220518FLPAP,13,Male,,Nonstudent Using Athletic Facilities/Attending Game,Fled/Escaped,false,None
20220517ILWAC,7,,,Student,Surrendered,false,None
20220517CASAS,,,,No Relation,Fled/Escaped,false,None
20220516TXMEM,Teen,,,Student,Apprehended/Killed by LE,false,None
20220515NHBEB,Teen,Male,,No Relation,Fled/Escaped,false,None
20220515NHBEB,Teen,Male,,No Relation,Fled/Escaped,false,None
20220515ILMEP,16,Male,,No Relation,Fled/Apprehended,false,None
20220513GASOM,,,,,Fled/Escaped,false,None
20220513FLALW,,,,Police Officer/SRO,,,
20220512TXHEH,18,Male,,Student,Fled/Apprehended,false,None
20220512ARHOH,25,Male,,,Fled/Apprehended,false,Wounded
20220511FLJAJ,,Male,,,Fled/Escaped,false,None
20220509NYEDS,Adult,Male,,,Fled/Escaped,false,None
20220509GARIS,57,Female,Black,No Relation,Fled/Apprehended,false,None
20220505OHLOL,13,Male,,Student,Suicide,true,Suicide
20220505OHLOL,Adult,Female,White,Parent,Apprehended/Killed by LE,false,None
20220505ALDOD,20,Male,,No Relation,Apprehended/Killed by LE,false,None
20220503CAARS,,,,No Relation,Fled/Escaped,false,None
20220501VALOM,Adult,Male,Black,Nonstudent Using Athletic Facilities/Attending Game,Fled/Escaped,false,None
20220501OHHAC,,,,,Fled/Escaped,false,None
20220430PAMCJ,Adult,Male,,Nonstudent Using Athletic Facilities/Attending Game,Fled/Escaped,false,None
20220427TXMOS,,,,Police Officer/SRO,,,
20220427INCOS,Child,,,Student,Fled/Apprehended,false,None
20220426MIASI,Child,,,Student,Suicide,true,Suicide
20220426GASOM,,,,,Fled/Escaped,false,None
20220426GASOM,Adult,Female,,,Fled/Escaped,false,None
20220425WIWIM,,,,,Fled/Escaped,false,None
20220425WIWIM,,,,,Fled/Escaped,false,None
20220424MOHAF,18,Male,Black,,Fled/Apprehended,false,None
20220424MOHAF,18,Male,Black,,Fled/Apprehended,false,None
20220422ORHOS,Teen,Male,,,Fled/Apprehended,false,None
20220422DCEDW,23,Male,,No Relation,Suicide,true,Suicide
20220422CAMOR,,,,,Fled/Escaped,false,None
20220421NDMOM,,,,Police Officer/SRO,Law Enforcement,false,None
20220416IAMED,Adult,,,,Fled/Escaped,false,None
20220415VAGAW,16,Male,,Student,Fled/Apprehended,false,None
20220414MSNEP,Teen,Male,,Rival School Student,Fled/Apprehended,false,None
20220414MSNEP,Teen,Male,,Rival School Student,Fled/Apprehended,false,None
20220414MSNEP,Teen,Male,,Rival School Student,Fled/Apprehended,false,None
20220413MISHS,11,Male,,Student,Apprehended/Killed by SRO,false,None
20220411ARPIP,Teen,Male,,,Apprehended/Killed by SRO,false,None
20220410MALYL,,,,No Relation,Fled/Escaped,false,None
20220406WVRIR,15,Male,,Student,Subdued by Students/Staff/Other,false,None
20220406WASTM,,,,No Relation,Fled/Escaped,false,None
20220406ORROP,,,,,Fled/Escaped,false,None
20220405PAERE,Minor,Male,,Student,Fled/Apprehended,false,None
20220403INBLB,18,Male,,,Fled/Apprehended,false,None
20220403INBLB,15,,,,Fled/Apprehended,false,None
20220331SCTAG,12,Male,,Student,Fled/Apprehended,false,None
20220331PAACP,8,Male,,Student,Subdued by Students/Staff/Other,false,None
20220330GABOA,31,Female,Black,Parent,Apprehended/Killed by SRO,false,Wounded
20220330AZKIK,14,Male,,Student,Fled/Apprehended,false,None
20220329VALUR,Teen,,,Student,Apprehended/Killed by SRO,false,None
20220329NVWEL,Adult,,,Police Officer/SRO,,false,None
20220328TXNOF,,,,,Fled/Escaped,false,None
20220328NCOAC,18,Male,Black,No Relation,Fled/Apprehended,false,None
20220325UTHIS,Teen,Male,,Student,Fled/Escaped,false,None
20220325UTHIS,Adult,Male,,No Relation,Fled/Escaped,false,None
20220325TXROR,Teen,,,Student,Apprehended/Killed by LE,false,None
20220325TXROR,Teen,,,Student,Apprehended/Killed by LE,false,None
20220325TXROR,Teen,,,Student,Apprehended/Killed by LE,false,None
20220325TXROR,Teen,,,Student,Apprehended/Killed by LE,false,None
20220325TXROR,Teen,,,Student,Apprehended/Killed by LE,false,None
20220325TNBRM,Adult,Male,,No Relation,Fled/Apprehended,false,None
20220324VARIW,20,Male,Black,No Relation,Apprehended/Killed by SRO,false,None
20220322VAJAR,Adult,,,No Relation,Fled/Escaped,false,None
20220322TXWOD,Teen,,,Student,Fled/Escaped,false,None
20220322FLNEN,17,Male,White,Student,Fled/Apprehended,false,None
20220321MSLEP,Adult,Male,,No Relation,Apprehended/Killed by LE,false,None
20220321MIMAK,36,Female,Black,Parent,Fled/Apprehended,false,None
20220321AZDES,31,Male,,No Relation,Apprehended/Killed by LE,false,None
20220319ALCEL,Adult,Male,Black,No Relation,Fled/Apprehended,false,None
20220318RICEP,17,Male,,Student,Fled/Apprehended,false,None
20220318RICEP,18,Male,,Student,Fled/Apprehended,false,None
20220318ILBAB,Teen,Male,,Student,Fled/Apprehended,false,None
20220317AKREW,Teen,Male,,Student,Fled/Escaped,false,None
20220316CALOR,12,Male,,Student,Fled/Apprehended,false,None
20220315WAEIY,15,Male,,Student,Fled/Apprehended,false,None
20220315MDPAB,,,,,Fled/Escaped,false,None
20220315MATEB,16,Male,,,Fled/Apprehended,false,None
20220315MATEB,17,Male,,,Fled/Apprehended,false,None
20220315GAFOF,Adult,,,No Relation,Apprehended/Killed by SRO,false,None
20220314CAKRP,Adult,Male,,Principal/Vice-Principal,Suicide,true,Fatal
20220313PANEP,,,,,Fled/Escaped,false,None
20220311WIJER,Child,,,Student,Apprehended/Killed by LE,false,None
20220311OHMAM,,,,,Fled/Escaped,false,None
20220311OHFAP,43,Male,,No Relation,Surrendered,false,None
20220311CADER,Teen,Male,,Student,Fled/Escaped,false,None
20220310TNHAM,Adult,Female,Black,Parent,Fled/Apprehended,false,None
20220310MDCOL,Adult,Male,,,Fled/Escaped,false,None
20220310COROH,17,Male,,Student,Surrendered,false,None
20220309TXNOH,18,Male,Black,Student,Surrendered,false,None
20220309NMESE,,,,,Fled/Escaped,false,None
20220309FLNOM,18,Male,Black,,Fled/Apprehended,false,None
20220309FLNOM,17,Male,Black,,Fled/Apprehended,false,None
20220307IAEAD,17,Male,,,Fled/Apprehended,false,None
20220307IAEAD,14,Male,,,Fled/Apprehended,false,None
20220307IAEAD,16,Male,Hispanic,,Fled/Apprehended,false,None
20220307IAEAD,17,Male,Hispanic,,Fled/Apprehended,false,None
20220307IAEAD,16,Male,Hispanic,,Fled/Apprehended,false,None
20220307IAEAD,Teen,Male,,,Fled/Apprehended,false,None
20220304KSOLO,18,Male,Black,Student,Apprehended/Killed by SRO,false,Wounded
20220303MIJWL,,Male,,,Fled/Escaped,false,None
20220228NYBOB,Teen,Male,,Student,Fled/Escaped,false,None
20220227DCDUW,,,,,Fled/Escaped,false,None
20220225NMWEA,14,Male,Hispanic,Student,Fled/Apprehended,false,None
20220225ALSOH,10,,,Student,Surrendered,false,Wounded
20220223VAWOW,,,,,Fled/Escaped,false,None
20220222TXALH,Adult,Male,,No Relation,Fled/Escaped,false,None
20220222COLIP,,,,Police Officer/SRO,Law Enforcement,,
20220221MDJOH,Adult,Male,,No Relation,Fled/Escaped,false,None
20220220OKWIW,Adult,Male,,,Fled/Escaped,false,None
20220220MSMCM,Teen,Male,,,Fled/Apprehended,false,None
20220219VACAC,,,,,Fled/Escaped,false,None
20220218MATET,18,Male,,Rival School Student,Fled/Apprehended,false,None
20220218MATET,17,Male,,Rival School Student,Fled/Apprehended,false,None
20220218MATET,17,Male,,Rival School Student,Fled/Apprehended,false,None
20220218MATET,16,Male,,Rival School Student,Fled/Apprehended,false,None
20220217WAMCG,Adult,Male,,Gang Member,Fled/Escaped,false,None
20220214FLLAL,39,Male,Black,,Fled/Apprehended,false,None
20220211DCEAW,,,,,Fled/Escaped,false,None
20220209NYMCB,17,Male,,Student,Fled/Apprehended,false,None
20220209MNMIM,Adult,Male,,No Relation,Fled/Escaped,false,None
20220208NYMOM,,,,,Fled/Escaped,false,None
20220208MDCAC,16,Male,,Student,Fled/Apprehended,false,None
20220204GASOD,Teen,Male,,Student,,false,Wounded
20220204ALWEB,,,,,Fled/Escaped,false,None
20220203NCSPS,,,,,Fled/Escaped,false,None
20220202KYLOR,,,,,Fled/Escaped,false,None
20220201WIRUM,34,Male,,Nonstudent Using Athletic Facilities/Attending Game,Fled/Escaped,false,None
20220201MNSOR,18,Male,Hispanic,Student,Fled/Apprehended,false,None
20220201MNSOR,19,Male,Hispanic,Student,Fled/Apprehended,false,None
20220201ILALC,Adult,Male,,No Relation,Fled/Escaped,false,None
20220129WIBEB,19,Male,,Nonstudent Using Athletic Facilities/Attending Game,Fled/Apprehended,false,None
20220128LACAM,Adult,Male,,No Relation,Fled/Escaped,false,None
20220127TXMOH,Adult,Male,,No Relation,Fled/Escaped,false,None
20220126PABAP,,,,,Fled/Escaped,false,None
20220124NVSUL,,,,,Fled/Escaped,false,None
20220124IDDAD,40,Male,White,No Relation,Apprehended/Killed by LE,false,None
20220121MDMAR,17,Male,,Student,Fled/Apprehended,false,None
20220121GAMCA,19,Male,Black,Student,Fled/Apprehended,false,None
20220119VAMAP,19,Male,,,Fled/Apprehended,false,None
20220119VAMAP,18,Male,,,Fled/Apprehended,false,None
20220119VAMAP,Teen,Male,,,Fled/Apprehended,false,None
20220119PAPIP,16,Male,Black,Nonstudent,Fled/Apprehended,false,None
20220119PAPIP,15,Male,Black,Nonstudent,Fled/Apprehended,false,None
20220119FLSES,16,Male,Black,Student,Fled/Apprehended,false,None
20220119DCANW,Adult,Male,,No Relation,Fled/Escaped,false,None
20220117TXPYH,Adult,Male,,No Relation,Fled/Escaped,false,None
20220117TXPYH,Adult,Male,,No Relation,Fled/Escaped,false,None
20220117TXPYH,Adult,Male,,No Relation,Fled/Escaped,false,None
20220114MDGAG,27,Male,Hispanic,No Relation,Apprehended/Killed by LE,false,None
20220111NMVAA,,,,,Fled/Escaped,false,None
20220106CAFLS,Teen,Male,,Student,Fled/Escaped,false,None
20220104ILAUR,16,Male,,Student,Fled/Apprehended,false,None
20220104ILAUR,17,Male,,Student,Fled/Apprehended,false,None
20220103WACHP,Adult,Female,,No Relation,Fled/Apprehended,false,None
20220103OHCOC,,,,No Relation,Fled/Escaped,false,None
20211229NCCAS,Teen,Male,,Student,Fled/Apprehended,false,None
20211229NCCAS,Teen,Male,,Student,Fled/Apprehended,false,None
20211217TXWOD,Teen,Male,White,Student,Fled/Apprehended,false,None
20211216SCEAC,15,Male,,Student,Fled/Apprehended,false,None
20211216NYPSB,Adult,Male,,No Relation,Fled/Escaped,false,None
20211214WISOM,18,Male,Black,Student,Fled/Escaped,false,None
20211214VAMEN,18,Male,Black,Rival School Student,Fled/Apprehended,false,None
20211213NCWEC,Teen,Male,,Student,Fled/Apprehended,false,None
20211213FLEAO,Teen,,,Student,Fled/Escaped,false,None
20211212NYSCR,21,Male,,No Relation,Fled/Escaped,false,None
20211211GAJOG,17,Male,,Student,Fled/Apprehended,false,None
20211211FLEDL,Adult,Male,,Nonstudent Using Athletic Facilities/Attending Game,Fled/Escaped,false,None
20211210OHCAC,Adult,Male,,No Relation,Apprehended/Killed by LE,false,None
20211210NCJEC,,,,No Relation,Fled/Apprehended,false,None
20211210NCJEC,,,,No Relation,Fled/Escaped,false,None
20211209NYGRN,Adult,Male,,No Relation,Fled/Escaped,false,None
20211208MOEWK,,Male,,,Fled/Escaped,false,None
20211208KYSTL,,,,No Relation,Fled/Escaped,false,None
20211207ILHAC,23,Male,Black,No Relation,Fled/Apprehended,false,None
20211206NYSUS,16,Male,,Student,Fled/Apprehended,false,None
20211206CAWIW,Adult,Male,,No Relation,Fled/Escaped,false,None
20211206CAWIW,Adult,Male,,No Relation,Fled/Escaped,false,None
20211203ARBLB,19,Male,,No Relation,Fled/Apprehended,false,None
20211202WAGAS,Teen,Male,,,Fled/Escaped,false,None
20211201TXSAP,21,Male,,No Relation,Apprehended/Killed by SRO,false,None
20211130TNHUH,21,Male,Black,Nonstudent Using Athletic Facilities/Attending Game,Fled/Apprehended,false,None
20211130OHWHW,18,Male,,,Surrendered,false,Wounded
20211130MIOXO,15,Male,,Student,Surrendered,false,None
20211130CALOL,,,,No Relation,Fled/Escaped,false,None
20211129ILWER,Teen,Male,,Student,Fled/Escaped,false,None
20211129AZCHP,Teen,Male,,Student,Fled/Escaped,false,None
20211126CAWES,Adult,Male,,Nonstudent Using Athletic Facilities/Attending Game,Fled/Escaped,false,None
20211125SCCEP,,,,,Fled/Escaped,false,None
20211124ILTHH,,,,,Fled/Escaped,false,None
20211123OHCLC,Adult,Male,,No Relation,Fled/Escaped,false,None
20211119MDGIB,,,,No Relation,Fled/Escaped,false,None
20211119COHIA,16,Male,,Student,Fled/Apprehended,false,None
20211119COHIA,16,Male,,Student,Fled/Apprehended,false,None
20211119COHIA,16,Male,,Student,Fled/Apprehended,false,None
20211119COHIA,17,Male,,Student,Fled/Apprehended,false,None
20211116NYPSB,45,Male,,No Relation,Apprehended/Killed by SRO,false,None
20211116FLJAJ,Adult,,,No Relation,Fled/Escaped,false,None
20211115NYPOP,13,Male,,Student,Fled/Apprehended,false,None
2021110MOBAP,17,Male,,No Relation,Fled/Apprehended,false,None
20211110NYITI,,,,No Relation,Fled/Escaped,false,None
20211110NCMOM,Teen,,,Student,Suicide,true,Suicide
20211109NMMEL,Adult,Male,,No Relation,Suicide,true,Suicide
20211108NYTHB,Teen,Male,,Student,Fled/Escaped,false,None
20211106FLOVO,Teen,Male,,Student,Fled/Apprehended,false,None
20211102NMHIH,12,Male,Hispanic,Student,Fled/Apprehended,false,None
20211102NMHIH,12,Male,,Student,Fled/Apprehended,false,None
20211030PASTM,Adult,Male,,Nonstudent Using Athletic Facilities/Attending Game,Fled/Escaped,false,None
20211027SCCAS,17,Male,,Student,Fled/Apprehended,false,None
20211026MSCAN,,,,,Fled/Escaped,false,None
20211026ILWIC,Adult,Male,,No Relation,Fled/Escaped,false,None
20211022PAPHP,18,Male,,Student,Apprehended/Killed by LE,false,Wounded
20211021NYPSB,Adult,Male,,No Relation,Fled/Apprehended,false,None
20211021GABES,33,Male,White,No Relation,Apprehended/Killed by LE,false,None
20211018PALIP,21,Male,,Relative,Apprehended/Killed by LE,false,None
20211017ARROR,28,Male,,No Relation,Fled/Apprehended,false,None
20211015CAKEF,33,Male,Black,No Relation,Surrendered,false,None
20211015ALWIM,19,Male,Black,Nonstudent Using Athletic Facilities/Attending Game,Fled/Escaped,false,None
20211014MEREP,,,,No Relation,Fled/Escaped,false,None
20211013PACHD,10,Male,,Student,Subdued by Students/Staff/Other,false,None
20211013PACHD,10,Male,,Student,Subdued by Students/Staff/Other,false,None
20211013ILMCC,,,,No Relation,Fled/Escaped,false,None
20211012OKUNT,Teen,Male,,Student,Fled/Apprehended,false,None
20211012MIELK,,Male,,No Relation,Fled/Escaped,false,None
20211012ILWEC,,,,,Fled/Escaped,false,None
20211012ARLIL,,,,No Relation,Fled/Escaped,false,None
20211011ORROP,,,,,Fled/Escaped,false,None
20211008OKCOC,Teen,,,Student,Apprehended/Killed by LE,false,None
20211007TXEAW,,,,No Relation,Fled/Escaped,false,None
20211007PAANP,,,,,Fled/Escaped,false,None
20211007NCEAD,39,Male,,No Relation,Suicide,true,Suicide
20211007DCWAW,18,Male,Black,Nonstudent Using Athletic Facilities/Attending Game,Fled/Apprehended,false,None
20211006TXTIA,18,Male,Black,Student,Fled/Apprehended,false,None
20211005NDHEH,Teen,,,Student,Suicide,,Suicide
20211005NCGAC,Teen,Male,,Student,Apprehended/Killed by LE,false,None
20211004PASCP,Adult,Male,,No Relation,Apprehended/Killed by LE,false,Wounded
20211004OHWOT,,Male,,,Fled/Escaped,false,None
20211004ILLAC,,,,,Fled/Escaped,false,None
20211001TXYEH,25,Male,Black,Former Student,Surrendered,false,None
20211001NCSEF,,,,,Fled/Escaped,false,None
20211001NCNOD,,,,,Fled/Escaped,false,None
20211001INBEI,16,Male,Black,Nonstudent Using Athletic Facilities/Attending Game,Fled/Apprehended,false,None
20211001INBEI,14,Male,,Nonstudent Using Athletic Facilities/Attending Game,Apprehended/Killed by LE,false,None
20210930TNCUM,13,Male,,Student,Fled/Apprehended,false,None
20210930MSNEN,6,Male,,Student,Apprehended/Killed by LE,false,None
20210929OHSHS,Adult,Female,,Parent,Fled/Apprehended,false,None
20210928MESOS,,,,,Fled/Escaped,false,None
20210927ILCAC,Child,,,Student,Apprehended/Killed by LE,false,None
20210924VAESE,,,,,Fled/Escaped,false,None
20210924TNSTS,18,Male,Black,Student,Fled/Apprehended,false,None
20210924TNSTS,17,Male,Black,Student,Fled/Apprehended,false,None
20210924MDWIB,,,,No Relation,Fled/Escaped,false,None
20210924ALFAF,,,,,Fled/Escaped,false,None
20210923IDRIR,13,Female,,Student,Apprehended/Killed by SRO,false,None
20210922NYSOB,,,,,Fled/Escaped,false,None
20210922CTLIN,,,,No Relation,Fled/Escaped,false,None
20210921PAVAP,,,,,Fled/Escaped,false,None
20210921OHMIM,,,,,Fled/Escaped,false,None
20210921KSEAW,17,Male,,Student,Fled/Apprehended,false,None
20210921GAFRA,Adult,,,Parent,Fled/Escaped,false,None
20210921FLLAL,Minor,,,,Fled/Apprehended,false,None
20210920VAHEN,15,Male,,Student,Fled/Apprehended,false,None
20210920OHEAC,,Male,,No Relation,Fled/Escaped,false,None
20210920OHEAC,,Male,,No Relation,Fled/Escaped,false,None
20210918COWIC,,,,,Fled/Escaped,false,None
20210917VAHEH,,,,,Fled/Escaped,false,None
20210917TNAUK,,,,,Fled/Escaped,false,None
20210917PAWEP,Teen,,,,Fled/Escaped,false,None
20210917NCPAW,Teen,Male,,,Fled/Escaped,false,None
20210917GASWS,,,,,Fled/Escaped,false,None
20210916WIORM,Adult,Male,,No Relation,Fled/Escaped,false,None
20210916UTPRP,Teen,Male,,Student,Apprehended/Killed by LE,false,None
20210916OHBEC,,,,,Fled/Escaped,false,None
20210915VASPS,Child,,,Student,Apprehended/Killed by LE,false,None
20210915KYMAL,Adult,,,No Relation,Fled/Escaped,false,None
20210915ILCEC,15,Male,Black,Student,Fled/Apprehended,false,None
20210915ILCEC,17,Male,,Student,Fled/Apprehended,false,None
20210914TNLAL,15,Male,,Student,Fled/Apprehended,false,None
20210914MOMCH,Adult,Female,,Parent,Fled/Escaped,false,None
20210914MOMCH,Adult,Female,,Parent,Fled/Escaped,false,None
20210913SCEDC,54,Female,Black,Relative,Fled/Apprehended,false,None
20210910CONOA,,Male,,Nonstudent Using Athletic Facilities/Attending Game,Fled/Escaped,false,None
20210910CASTP,62,Male,White,No Relation,Apprehended/Killed by LE,false,None
20210909NCSHE,,,,,Fled/Escaped,false,None
20210909MITRF,Teen,Male,,Student,Apprehended/Killed by LE,false,None
20210909ILCHC,Adult,,,No Relation,Fled/Escaped,false,None
20210908MNPRB,,,,No Relation,Fled/Escaped,false,None
20210908MNPRB,,,,No Relation,Fled/Escaped,false,None
20210908MNPRB,,,,No Relation,Fled/Escaped,false,None
20210908ILCEC,18,Male,,Student,Fled/Escaped,false,None
20210907TNLAL,15,Male,,Student,Fled/Apprehended,false,None
20210907PAHAH,Teen,Male,,Student,Fled/Escaped,false,None
20210907MAOMG,18,Male,,No Relation,Fled/Apprehended,false,None
20210907MAOMG,18,Male,,No Relation,Fled/Apprehended,false,None
20210903NVDEL,Adult,,,Nonstudent Using Athletic Facilities/Attending Game,Fled/Escaped,false,None
20210903NCJUC,,,,Nonstudent Using Athletic Facilities/Attending Game,Fled/Escaped,false,None
20210903CAMTH,16,Male,,Student,Apprehended/Killed by LE,false,None
20210903CAMTH,Teen,Male,,Student,Fled/Apprehended,false,None
20210903CABUB,Adult,Male,,Intimate Relationship,Apprehended/Killed by LE,true,Fatal
20210902NMALA,16,Male,,Student,Fled/Apprehended,false,Wounded
20210902NMALA,Teen,,,Other Student,Fled/Escaped,false,None
20210902INWEG,Teen,Male,,,Fled/Escaped,false,None
20210902GAWOS,24,Male,,No Relation,Apprehended/Killed by LE,false,None
20210902CASAL,17,Male,,Student,Fled/Apprehended,false,None
20210902CASAL,17,Male,,Student,Fled/Apprehended,false,None
20210902ARLIL,36,Female,Black,Parent,Apprehended/Killed by SRO,false,None
20210901NCMTW,15,Male,Black,Student,Fled/Apprehended,false,None
20210901ILFRC,,,,No Relation,Fled/Escaped,false,None
20210830NJWEN,,,,,Fled/Escaped,false,None
20210830NCNEW,15,Male,Black,Student,Fled/Apprehended,false,None
20210830MDNEO,34,Male,,No Relation,Fled/Apprehended,false,None
20210830FLOKW,Teen,Male,,Student,Fled/Apprehended,false,None
20210828CASAS,,,,,Fled/Escaped,false,None
20210827VTEDB,,,,,Fled/Escaped,false,None
20210827VAFRW,17,Male,,Student,Fled/Apprehended,false,None
20210827PAACS,,,,Police Officer/SRO,Law Enforcement,,
20210827PAACS,,,,Police Officer/SRO,Law Enforcement,,
20210827PAACS,,,,Police Officer/SRO,Law Enforcement,,
20210827PAACS,16,Male,,Student,Fled/Apprehended,false,None
20210827PAACS,18,Male,,,Fled/Escaped,false,None
20210827KYAPO,Adult,Male,,Nonstudent Using Athletic Facilities/Attending Game,Apprehended/Killed by LE,false,None
20210827INHAH,17,Male,Black,Former Student,Fled/Apprehended,false,None
20210826WAAKS,14,Male,,Former Student,Fled/Apprehended,false,None
20210826WAAKS,17,Male,,Former Student,Apprehended/Killed by LE,false,Wounded
20210826OHNOT,Adult,Male,,Nonstudent Using Athletic Facilities/Attending Game,Fled/Escaped,false,None
20210826NYHAH,27,Male,,,Fled/Apprehended,false,None
20210822ILWER,17,Male,,No Relation,Fled/Apprehended,false,None
20210820NEMIO,Adult,,,No Relation,Fled/Escaped,false,None
20210820CACEF,19,Male,,Nonstudent Using Athletic Facilities/Attending Game,Apprehended/Killed by LE,false,None
20210818SCORO,14,Male,,Student,Fled/Apprehended,false,None
20210817COYED,18,Male,,No Relation,Fled/Apprehended,false,None
20210815VAROD,,,,No Relation,Fled/Escaped,false,None
20210814SCDAH,,,,,Fled/Escaped,false,None
20210814ILMAC,,,,No Relation,Fled/Escaped,false,None
20210813NMWAA,13,Male,Hispanic,Student,Apprehended/Killed by SRO,false,None
20210813GACAS,,,,,Fled/Escaped,false,None
20210812GALIL,,,,Police Officer/SRO,,,
20210812CANOS,Teen,,,Student,Apprehended/Killed by LE,false,None
20210811COMAC,,,,No Relation,Fled/Escaped,false,None
20210811CAOAO,,,,,Fled/Escaped,false,None
20210810OHEAC,12,Male,,Former Student,Surrendered,false,None
20210807ORGIP,,,,,Fled/Escaped,false,None
20210806LASTH,17,Male,Black,No Relation,Fled/Apprehended,false,None
20210805GACHD,23,Male,Black,Teacher,Fled/Apprehended,false,None
20210804ALBUM,,,,,Fled/Escaped,false,None
20210727WATYS,Adult,Male,,Nonstudent Using Athletic Facilities/Attending Game,Fled/Escaped,false,None
20210721ILTHC,,,,No Relation,Fled/Escaped,false,None
20210719TXCAC,Teen,,,Student,Fled/Apprehended,false,None
20210718ARFOL,Adult,,,Nonstudent Using Athletic Facilities/Attending Game,Fled/Escaped,false,None
20210709KSCAW,Adult,Male,,No Relation,Suicide,true,Suicide
20210708ILBEC,Adult,,,No Relation,Fled/Escaped,false,None
20210704NYDRR,,,,,Fled/Escaped,false,None
20210628CASLF,Adult,,,No Relation,Fled/Escaped,false,None
20210624ILABR,Adult,,,,Fled/Escaped,false,None
20210620CAGRM,Adult,,,Security Guard,Law Enforcement,false,None
20210614TXEAF,,Male,,,Fled/Escaped,false,None
20210614NCROR,,,,,Fled/Escaped,false,None
20210614NCROR,,,,,Fled/Escaped,false,None
20210614NCROR,,,,,Fled/Escaped,false,None
20210614NCRJW,26,Male,White,No Relation,Apprehended/Killed by LE,true,Fatal
20210613PAWIP,,Male,,Nonstudent Using Athletic Facilities/Attending Game,Fled/Escaped,false,None
20210613PAPAC,78,Male,,No Relation,Suicide,false,Suicide
20210612MOMCF,18,Male,Black,Student,Fled/Apprehended,false,None
20210610CTHOW,41,Male,Hispanic,No Relation,Apprehended/Killed by LE,false,None
20210610CTHOW,45,Male,White,No Relation,Apprehended/Killed by LE,false,None
20210609VAWIR,Teen,Male,,Student,Fled/Apprehended,false,None
20210609TXNOH,18,Male,,Student,Fled/Apprehended,false,None
20210608PAMUS,17,Male,,No Relation,Fled/Apprehended,false,None
20210608KSHAK,16,Male,,No Relation,Fled/Apprehended,false,None
20210608KSHAK,17,Male,,,Fled/Apprehended,false,None
20210607TXEAF,,,,,Fled/Escaped,false,None
20210606VADRA,,,,No Relation,Fled/Escaped,false,None
20210606VADRA,,,,No Relation,Fled/Escaped,false,None
20210601ILLIC,17,Male,,,Fled/Escaped,false,None
20210525NJPAP,15,Male,,No Relation,Apprehended/Killed by LE,false,None
20210517TXBRE,13,Male,,Student,Fled/Escaped,false,None
20210517TNAUM,51,Male,White,No Relation,Apprehended/Killed by LE,false,None
20210517MDLOC,18,Male,,Relative,Apprehended/Killed by LE,false,None
20210517MDLOC,20,Female,Hispanic,Relative,Apprehended/Killed by LE,false,None
20210514CASAS,16,Male,,No Relation,Fled/Escaped,false,None
20210514CASAS,16,Male,,No Relation,Fled/Escaped,false,None
20210511NYPSB,Teen,Male,Black,Student,Fled/Escaped,false,None
20210511CAVEL,,,,No Relation,Fled/Escaped,false,None
20210506SCFOC,23,Male,,No Relation,Apprehended/Killed by LE,false,None
20210506IDRIR,13,Female,,Student,Subdued by Students/Staff/Other,false,None
20210505SCWAW,Teen,Male,,Student,Suicide,true,Suicide
20210505MICRC,Adult,Male,,No Relation,Apprehended/Killed by LE,false,Wounded
20210502ILCHC,Adult,,,No Relation,Fled/Escaped,false,None
20210502ILCHC,Adult,,,No Relation,Fled/Escaped,false,None
20210501MNBES,Adult,Male,,No Relation,Fled/Escaped,false,None
20210501MNBES,Adult,Male,,No Relation,Fled/Escaped,false,None
20210501MNBES,Adult,Male,,No Relation,Fled/Escaped,false,None
20210430INMAI,Adult,Male,,Parent,Fled/Escaped,false,None
20210429NYURB,15,Male,,Nonstudent,Fled/Apprehended,false,None
20210429NYURB,16,Male,,Nonstudent,Fled/Escaped,false,None
20210429CAVIV,17,Male,,Nonstudent,Fled/Apprehended,false,None
20210427TNLAM,Adult,Female,Black,Parent,Fled/Apprehended,false,None
20210427DESMS,47,Male,,Parent,Fled/Apprehended,true,Suicide
20210426MNPLP,12,Male,,Student,Surrendered,false,None
20210420TXHAH,Adult,Male,Black,No Relation,Fled/Apprehended,false,None
20210420TXHAH,Adult,Male,Black,No Relation,Fled/Apprehended,false,None
20210418OHWED,,,,No Relation,Fled/Escaped,false,None
20210413TNMAC,32,Female,White,Parent,Fled/Apprehended,false,None
20210412TNAUK,17,Male,Black,Student,Apprehended/Killed by LE,true,Fatal
20210412CASAS,36,Male,Hispanic,No Relation,Apprehended/Killed by LE,true,None
20210411INBIH,38,Male,Black,No Relation,Fled/Apprehended,false,None
20210407ILPEP,14,Male,,Student,Subdued by Students/Staff/Other,false,None
20210406ILBAC,19,Male,,No Relation,Fled/Apprehended,false,None
20210401OKCLC,,,,,Fled/Escaped,false,None
20210401ALSES,15,Male,,Student,Fled/Apprehended,false,None
20210327MAPEC,,,,Nonstudent Using Athletic Facilities/Attending Game,Fled/Escaped,false,None
20210326MOCAS,33,Male,,No Relation,Apprehended/Killed by LE,true,Fatal
20210324ORFOS,Teen,Male,,No Relation,Fled/Apprehended,false,None
20210319WVSPM,Teen,Male,,,Fled/Apprehended,false,None
20210319WVSPM,Teen,Male,,,Fled/Apprehended,false,None
20210318KYGRL,36,Male,White,Parent,Apprehended/Killed by LE,false,None
20210315INMEM,18,Male,,No Relation,Fled/Apprehended,false,None
20210315INMEM,20,Male,Black,No Relation,Fled/Apprehended,false,None
20210313TXLEA,66,Male,Black,Nonstudent Using Athletic Facilities/Attending Game,Fled/Apprehended,false,None
20210311OHCIC,Adult,,,No Relation,Fled/Escaped,false,None
20210309TNSAK,,,,No Relation,Fled/Escaped,false,None
20210308SCEDC,54,Female,Black,Relative,Fled/Apprehended,false,None
20210301ARWAP,15,Male,,Student,Fled/Apprehended,false,None
20210226LAGEN,35,Male,Black,Nonstudent Using Athletic Facilities/Attending Game,Surrendered,false,None
20210224WAGAY,Teen,Male,,No Relation,Fled/Apprehended,false,None
20210222CAHOV,,,,No Relation,Fled/Escaped,false,None
20210219ILLIR,,,,No Relation,Fled/Escaped,false,None
20210217TNKNK,30,Male,Black,No Relation,Fled/Apprehended,false,None
20210216NCTHS,Child,Male,,Student,Apprehended/Killed by SRO,false,None
20210216NCTHS,Child,Male,,Student,Apprehended/Killed by SRO,false,None
20210214MNROM,,,,No Relation,Fled/Escaped,false,None
20210210TXFOF,17,Male,,No Relation,Fled/Apprehended,false,None
20210210TXFOF,18,Male,Hispanic,No Relation,Fled/Apprehended,false,None
20210210NJSCP,,,,No Relation,Fled/Escaped,false,None
20210210LASTS,Adult,Male,Black,No Relation,Fled/Escaped,false,None
20210208MISCG,,Male,,No Relation,Fled/Escaped,false,None
20210205MDBEM,,,,No Relation,Fled/Escaped,false,None
20210201MIMUD,Teen,Male,Black,Nonstudent Using Athletic Facilities/Attending Game,Fled/Escaped,false,None
20210127MSHAH,14,Male,Black,,Apprehended/Killed by LE,false,Wounded
20210127FLHOH,Teen,,,Student,Apprehended/Killed by Other,false,None
20210127FLHOH,Teen,,,Student,Apprehended/Killed by Other,false,None
20210121OKLOG,Adult,Male,,Parent,Fled/Apprehended,false,Wounded
20210121OHEAC,Adult,Male,,No Relation,Fled/Escaped,false,None
20210114MDHIW,,,,No Relation,Fled/Escaped,false,None
20210110ILSOS,,,,,Fled/Escaped,false,None
20210104NYPEJ,Adult,Male,,No Relation,Fled/Apprehended,false,None
20201229WAROS,,,,,Fled/Escaped,false,None
20201225FLYOP,,,,,Fled/Escaped,false,None
20201216ILDUC,,,,No Relation,Fled/Escaped,false,None
20201211VATAY,,,,Nonstudent Using Athletic Facilities/Attending Game,Fled/Escaped,false,None
20201207ILEAC,,,,No Relation,Fled/Escaped,false,None
20201125KSABG,31,Male,,No Relation,Fled/Apprehended,false,None
20201124NCHEH,13,Male,,Student,Surrendered,false,None
20201117TXWEW,Teen,Male,,Nonstudent,Attempted Suicide,false,Wounded
20201117MTGRG,19,Male,White,No Relation,Apprehended/Killed by LE,false,None
20201116TNWIM,25,Male,Black,No Relation,Fled/Apprehended,false,None
20201113NCLIL,,,,No Relation,Fled/Escaped,false,None
20201112PANAH,18,Male,,No Relation,Fled/Escaped,false,None
20201112CACEU,Adult,,,No Relation,Fled/Escaped,false,None
20201109TXCOH,,,,No Relation,Fled/Escaped,false,None
20201109CABAL,Adult,Male,,No Relation,Suicide,true,Fatal
20201108INTET,23,Male,Black,No Relation,Fled/Apprehended,false,None
20201106AZKHT,74,Male,White,No Relation,Apprehended/Killed by LE,false,None
20201102COERE,,,,,Fled/Escaped,false,None
20201029FLLAM,,,,No Relation,Fled/Escaped,false,None
20201028NYROR,,,,No Relation,Fled/Escaped,false,None
20201026GARIR,Adult,Male,Black,No Relation,Fled/Escaped,false,None
20201024CTSTS,,,,,Fled/Escaped,false,None
20201020ARJAP,17,Male,,,Fled/Apprehended,false,None
20201018KYSEL,,,,,Fled/Escaped,false,None
20201014WAWAS,23,Male,Hispanic,No Relation,Fled/Apprehended,false,None
20201014WAWAS,26,Male,Hispanic,No Relation,Fled/Apprehended,false,None
20201014PABRB,11,Male,,Student,Apprehended/Killed by LE,false,None
20201013RIRHP,,,,No Relation,Fled/Escaped,false,None
20201012TXNOD,Adult,Male,,No Relation,Apprehended/Killed by SRO,false,None
20201012MNSHS,,,,No Relation,Fled/Escaped,false,None
20201009FLJEJ,18,Male,,Student,Apprehended/Killed by SRO,false,None
20201005OKSOM,Teen,,,Student,Apprehended/Killed by LE,false,None
20201005ARKIH,Adult,Male,,,Fled/Apprehended,false,None
20201005ARKIH,,,,,Fled/Escaped,false,None
20201002PAMAE,,,,,Fled/Escaped,false,None
20200930CADYL,,,,No Relation,Fled/Escaped,false,None
20200928CTEAN,Adult,,,No Relation,Fled/Escaped,false,None
20200925NJHAH,,,,No Relation,Fled/Escaped,false,None
20200925ILROR,30,Male,,No Relation,Fled/Apprehended,false,None
20200924ILMCS,,Male,,No Relation,Apprehended/Killed by LE,false,None
20200924CAWAC,25,Male,Hispanic,No Relation,Apprehended/Killed by LE,false,None
20200924CAWAC,27,Male,Hispanic,No Relation,Apprehended/Killed by LE,false,None
20200924CAWAC,29,Male,Hispanic,No Relation,Apprehended/Killed by LE,false,None
20200923PAWIW,22,Male,Black,No Relation,Fled/Apprehended,false,None
20200923FLHIJ,18,Male,Black,No Relation,Fled/Apprehended,false,None
20200921CAPLP,46,Male,,No Relation,Attempted Suicide,false,Wounded
20200920UTLIS,,,,No Relation,Fled/Escaped,false,None
20200919CAKRS,,,,,Fled/Escaped,false,None
20200918KYWIL,,,,Nonstudent Using Athletic Facilities/Attending Game,Fled/Escaped,false,None
20200917ORDRP,,,,No Relation,Fled/Escaped,false,None
20200917OHELA,Teen,Male,,,Fled/Escaped,false,None
20200916WAARG,Adult,Male,,No Relation,Surrendered,false,None
20200916CASOS,20,Male,Hispanic,No Relation,Fled/Apprehended,false,None
20200915UTVIB,27,Male,,No Relation,Apprehended/Killed by LE,true,Fatal
20200915SCYOR,,,,,Fled/Escaped,false,None
20200910OHSAC,Adult,,,No Relation,Fled/Escaped,false,None
20200910ILPEP,Adult,Male,,No Relation,Fled/Escaped,false,None
20200909TXSOH,Adult,Male,,No Relation,Fled/Escaped,false,None
20200909PAWEW,Adult,Male,White,No Relation,Fled/Escaped,false,None
20200904FLLOJ,Adult,,,No Relation,Fled/Escaped,false,None
20200903GADOA,Adult,,,No Relation,Fled/Escaped,false,None
20200830TXLOD,17,Male,Hispanic,No Relation,Fled/Apprehended,false,None
20200825MOWEC,Adult,,,No Relation,Fled/Escaped,false,None
20200817MIABG,Adult,Male,,No Relation,Fled/Escaped,false,None
20200804PAKEP,29,Male,,No Relation,Fled/Apprehended,false,None
20200729ILCOC,17,Male,,,Apprehended/Killed by LE,false,Wounded
20200727AZCAO,40,Male,,Other Staff,Apprehended/Killed by Other,true,Fatal
20200721SCBRO,21,Male,Black,Nonstudent Using Athletic Facilities/Attending Game,Fled/Apprehended,false,None
20200714MIWID,Adult,Male,,No Relation,Fled/Escaped,false,None
20200704INLAM,22,Male,White,No Relation,Fled/Apprehended,false,None
20200701ILFRP,25,Male,White,No Relation,Fled/Apprehended,false,None
20200630OHLAW,19,Male,White,No Relation,Fled/Apprehended,false,None
20200627VAHAS,17,Male,,,Fled/Apprehended,false,None
20200621INCOC,14,Male,,,Fled/Apprehended,false,None
20200621INCOC,16,Male,,,Fled/Apprehended,false,None
20200621INCOC,16,Male,,,Fled/Apprehended,false,None
20200618INJOI,,,,No Relation,Fled/Escaped,,
20200616FLTOM,,Male,,No Relation,Fled/Escaped,false,None
20200603IAGAD,Adult,Male,,No Relation,Fled/Escaped,false,None
20200527OHLUC,21,Male,,No Relation,Apprehended/Killed by Other,true,Fatal
20200527OHLUC,Adult,Male,,No Relation,Surrendered,false,Wounded
20200525ALORM,,Male,,No Relation,Fled/Escaped,false,None
20200522OHMIC,,,,,Fled/Escaped,false,None
20200519VAWEM,18,Male,,No Relation,Fled/Apprehended,false,None
20200515NCSTC,Adult,Male,White,No Relation,Fled/Apprehended,false,None
20200505CAGOV,,,,,Fled/Escaped,false,None
20200419NCABR,24,Male,,No Relation,Fled/Apprehended,false,None
20200413NEMOO,,Male,,No Relation,Fled/Escaped,false,None
20200330GANAS,,,,No Relation,Fled/Apprehended,false,None
20200330GANAS,,,,No Relation,Fled/Apprehended,false,None
20200324LAROM,Adult,Male,,No Relation,Fled/Apprehended,false,None
20200324LAROM,26,Male,,No Relation,Fled/Apprehended,false,None
20200324LAROM,Adult,Male,,No Relation,Fled/Apprehended,false,None
20200318LABOS,Teen,Male,,,Fled/Escaped,false,None
20200315TXATH,20,Male,Black,Former Student,Fled/Apprehended,false,None
20200313TNPIR,Adult,Male,,Police Officer/SRO,Law Enforcement,false,None
20200310PASHN,41,Male,,,Fled/Apprehended,false,None
20200305FLSAW,55,Male,Hispanic,Security Guard,Fled/Apprehended,false,None
20200302TXNOF,Teen,Male,,Student,Apprehended/Killed by LE,false,None
20200227FLJET,69,Male,,Police Officer/SRO,Law Enforcement,false,Wounded
20200221NMCEA,,,,,Fled/Escaped,false,None
20200215DCDUW,,,,,Fled/Escaped,false,None
20200212MOJOF,Adult,Male,,Parent,Fled/Escaped,false,None
20200205NHSEC,17,Male,,Student,Suicide,true,Suicide
20200204LABEA,17,Male,Black,Nonstudent Using Athletic Facilities/Attending Game,Apprehended/Killed by SRO,false,None
20200203FLGEJ,,,,No Relation,Fled/Escaped,false,None
20200201TXHIH,Adult,Male,,No Relation,Fled/Escaped,false,None
20200131CADEA,15,Male,,,Fled/Apprehended,false,None
20200128TXLUL,17,Male,Black,No Relation,Fled/Apprehended,false,None
20200128TNWHM,18,Male,Black,,Fled/Escaped,false,None
20200128NYMAQ,16,Male,,Student,Surrendered,false,Wounded
20200127WAROY,18,Male,Hispanic,No Relation,Fled/Apprehended,false,None
20200123CAOXO,,,,No Relation,Fled/Escaped,false,None
20200121NEPAL,,,,,Fled/Escaped,false,None
20200121ILLIC,,Male,,,Fled/Escaped,false,None
20200119TXNOF,Adult,Male,,No Relation,Fled/Escaped,false,None
20200119TXNOF,Adult,Male,,No Relation,Fled/Escaped,false,None
20200117SCCAS,16,Male,,Student,Suicide,true,Suicide
20200117MITHH,25,Male,,Parent,Surrendered,false,None
20200114TXPOM,17,Male,Black,Nonstudent Using Athletic Facilities/Attending Game,Fled/Apprehended,false,None
20200114TXPOM,17,Male,Black,Nonstudent Using Athletic Facilities/Attending Game,Fled/Apprehended,false,None
20200114TXBEH,16,Male,,Student,Fled/Apprehended,false,None
20200111TXELD,15,Male,Black,,Surrendered,false,None
20200110MSMCJ,13,Male,,Student,,false,None
20200108FLGLB,,,,,Surrendered,false,Wounded
20200107WASOK,16,Male,,Student,Fled/Apprehended,false,None
20200107WASOK,16,Male,,Student,Fled/Apprehended,false,None
20191228MOMAS,17,Male,Black,No Relation,Fled/Apprehended,false,None
20191221LAWES,34,Male,Black,Nonstudent Using Athletic Facilities/Attending Game,Fled/Apprehended,false,None
20191219FLLEN,50,Male,Hispanic,No Relation,Fled/Apprehended,false,None
20191216CTCAN,Adult,Male,,No Relation,Fled/Escaped,false,None
20191213VAMAN,17,Male,,Student,Surrendered,false,Wounded
20191211KSCHT,,,,,Fled/Apprehended,false,None
20191211INEVE,,,,,Fled/Escaped,false,None
20191210NJSAJ,47,Male,White,No Relation,,false,None
20191210NJSAJ,50,Female,White,No Relation,,false,None
20191210KSJCK,,,,,Fled/Escaped,false,None
20191210ALDED,22,Male,White,Intimate Relationship,Fled/Apprehended,false,None
20191204NMPIL,Adult,Male,Hispanic,Police Officer/SRO,Law Enforcement,false,None
20191203WITHM,13,Male,,Student,Fled/Apprehended,false,None
20191203WIOSO,Adult,Male,,Police Officer/SRO,Law Enforcement,false,Wounded
20191202WIWAW,17,Male,,Student,Apprehended/Killed by SRO,false,Wounded
20191201ALMOM,31,Male,White,No Relation,Fled/Apprehended,false,None
20191126WASAV,38,Male,Black,Parent,Fled/Apprehended,true,Suicide
20191125ILCAC,,Male,,No Relation,Fled/Escaped,false,None
20191124CASEU,18,Male,Hispanic,No Relation,Fled/Apprehended,false,None
20191124CASEU,17,Male,Hispanic,No Relation,Fled/Apprehended,false,None
20191124CASEU,20,Male,Hispanic,No Relation,Fled/Apprehended,false,None
20191121ILRIO,19,Male,Black,Student,Fled/Apprehended,false,None
20191115NJPLP,31,Male,Black,Nonstudent Using Athletic Facilities/Attending Game,Fled/Apprehended,false,None
20191115NJPLP,28,Male,Black,Nonstudent Using Athletic Facilities/Attending Game,Fled/Apprehended,false,None
20191114CASAS,16,Male,Asian,Student,Suicide,true,Suicide
20191113CAESL,Adult,,,Police Officer/SRO,Law Enforcement,false,None
20191111MDACB,,Male,,,Fled/Escaped,false,None
20191108TXROD,,Male,,,Fled/Escaped,false,None
20191108CAEDS,,,,,Fled/Escaped,false,None
20191029NYNEN,,Male,Black,Student,Fled/Escaped,false,None
20191027MDLAL,34,Male,Hispanic,No Relation,Fled/Apprehended,false,None
20191022NJBRB,17,Male,Black,Student,Fled/Apprehended,false,None
20191022CARIS,17,Male,Black,Student,Fled/Apprehended,false,None
20191018OHWOT,,,,,Fled/Escaped,false,None
20191018GACRS,19,,,,Fled/Escaped,false,None
20191015LAGEN,,Male,,,Fled/Escaped,false,None
20191011LARAR,15,Male,,,Fled/Apprehended,false,None
20191009MAGRL,,Male,Asian,,Fled/Apprehended,false,None
20191009MAGRL,,Male,Asian,,Fled/Apprehended,false,None
20191008TXWEH,,,,Student,,false,None
20191008COSHS,16,Male,,Rival School Student,Fled/Apprehended,false,None
20191002GASOA,Adult,Male,,Nonstudent Using Athletic Facilities/Attending Game,Subdued by Students/Staff/Other,false,None
20190927NCZEC,,,,,Fled/Escaped,false,None
20190927CADER,17,Male,,Student,Fled/Apprehended,false,None
20190927CADER,Teen,Male,,Student,Fled/Apprehended,false,None
20190920PASIP,,Male,,,Fled/Escaped,false,None
20190918MNFOC,28,Male,,Nonstudent Using Athletic Facilities/Attending Game,Apprehended/Killed by Other,false,None
20190916VAPHH,,Male,,No Relation,Fled/Apprehended,false,None
20190916ILILK,,Male,,No Relation,Fled/Escaped,false,None
20190914TXEAF,Adult,Male,,Relative,Fled/Escaped,false,None
20190913VAETN,,,,,Fled/Escaped,false,None
20190913UTGRW,,Male,,No Relation,Fled/Apprehended,false,None
20190912KSMAM,Adult,Male,,No Relation,Fled/Escaped,false,None
20190910SCSOA,Teen,Male,Black,,Fled/Escaped,false,None
20190906PAWEM,,,,,Fled/Escaped,false,None
20190906PAMCJ,40,Male,Black,Nonstudent Using Athletic Facilities/Attending Game,Fled/Apprehended,false,None
20190906ALCEC,,,,,Fled/Escaped,false,None
20190902MDNOB,,,,No Relation,Fled/Escaped,false,None
20190830OHCET,,Male,,Nonstudent Using Athletic Facilities/Attending Game,Fled/Escaped,false,None
20190830NCKIK,17,Male,Black,Nonstudent Using Athletic Facilities/Attending Game,Fled/Apprehended,false,None
20190830ALLAM,17,Male,Black,Student,Fled/Apprehended,false,None
20190827NYROR,Adult,Male,,,Fled/Escaped,false,None
20190827CAHOL,,,,,Fled/Escaped,false,None
20190824PAWIP,,Male,,No Relation,Fled/Escaped,false,None
20190823MOROS,,,,,Fled/Escaped,false,None
20190823MOPAS,,Male,,,Fled/Escaped,false,None
20190823GAPEC,15,Male,,,,false,None
20190820PASAC,Adult,Male,,Parent,Surrendered,false,Wounded
20190817GALAA,15,Male,,Student,Fled/Apprehended,false,None
20190815TNEAN,15,Male,,Rival School Student,Fled/Apprehended,false,None
20190809NJWEN,16,Male,,No Relation,Fled/Apprehended,false,None
20190808ALBLM,38,Male,,Parent,Surrendered,false,None
20190719CAMOS,Teen,Male,,,Fled/Escaped,false,None
20190711CTBUH,23,Female,Hispanic,No Relation,Fled/Apprehended,false,None
20190702AKWIA,22,Male,,Nonstudent Using Athletic Facilities/Attending Game,Fled/Apprehended,false,None
20190701NYSCN,Adult,Male,,No Relation,Fled/Escaped,false,None
20190629COJAC,,Male,,No Relation,Fled/Escaped,false,None
20190621MICAF,,,,,Fled/Escaped,false,None
20190613NJTAW,46,Male,White,,Surrendered,false,None
20190612PAJEE,16,Male,,No Relation,Fled/Apprehended,false,None
20190612PAJEE,18,Female,,Intimate Relationship,Fled/Apprehended,false,None
20190612DCHEW,,,,No Relation,Fled/Escaped,false,None
20190610ILMEW,15,Male,,No Relation,Fled/Apprehended,false,None
20190610ILMEW,27,Male,,No Relation,Fled/Apprehended,false,None
20190606ILGEC,,,,Nonstudent Using Athletic Facilities/Attending Game,Fled/Escaped,false,None
20190530DCHEW,,,,No Relation,Fled/Escaped,false,None
20190522OHSAC,13,Male,,No Relation,Fled/Apprehended,false,None
20190517ORPAP,18,Male,Hispanic,Student,Subdued by Students/Staff/Other,false,None
20190517FLTEJ,19,Male,Black,,Fled/Apprehended,false,None
20190508ILSEC,18,Male,Hispanic,No Relation,Fled/Apprehended,false,None
20190507COSTH,18,Male,White,Student,Apprehended/Killed by LE,false,None
20190507COSTH,16,Transgender,White,Student,Apprehended/Killed by LE,false,None
20190430VACDW,16,Male,,Student,Apprehended/Killed by SRO,false,None
20190430FLWEW,Adult,,,Police Officer/SRO,Law Enforcement,false,None
20190426GACRF,Adult,,,Parent,Fled/Escaped,false,None
20190425GAWYS,,,,,Fled/Escaped,false,None
20190424ARCOC,14,Male,,Student,Suicide,true,Suicide
20190417ILWAL,Teen,Male,,Student,Suicide,true,Suicide
20190410TXROH,,Male,,No Relation,Fled/Escaped,false,None
20190410TXROH,,Male,,No Relation,Fled/Escaped,false,None
20190407MAHOL,,,,,Fled/Escaped,false,None
20190405WISTM,59,Male,,Other Staff,,false,None
20190403FLSAJ,,,,No Relation,Fled/Escaped,false,None
20190403COAUA,30,Male,Other,Other Staff,Fled/Apprehended,false,None
20190401ARPRP,14,Male,,Student,Apprehended/Killed by SRO,false,None
20190327MSSVH,,,,,Fled/Escaped,false,None
20190327FLMAJ,,,,,Fled/Escaped,false,None
20190322ALBLB,74,Male,White,Teacher,Surrendered,false,Wounded
20190313FLLAO,17,Female,,Student,Suicide,true,Suicide
20190301KSHIM,26,Male,White,No Relation,Apprehended/Killed by LE,false,Wounded
20190226ALROM,Teen,Male,Black,Student,Fled/Apprehended,false,None
20190217COEAA,31,Male,Black,Other Staff,Surrendered,false,None
20190214NMVR,16,Male,,Student,Fled/Apprehended,false,None
20190212MOCEK,21,Female,Black,Nonstudent Using Athletic Facilities/Attending Game,Fled/Apprehended,false,None
20190208MDFRB,25,Male,Black,No Relation,Apprehended/Killed by LE,false,None
20190205MNMIM,31,Male,,No Relation,Apprehended/Killed by LE,false,None
20190131TXATA,16,Male,,Student,Fled/Escaped,false,None
20190131TNMAM,,,,,Fled/Escaped,false,None
20190130GAMIL,16,Male,,No Relation,Fled/Escaped,false,None
20190127NVRER,35,Male,White,No Relation,Apprehended/Killed by LE,false,Wounded
20190125TNMAM,16,Male,Black,,Fled/Apprehended,false,None
20190125TNMAM,16,Male,Black,,Fled/Apprehended,false,None
20190125ALDAM,15,Male,,Student,Fled/Escaped,false,None
20190123LASOS,Adult,,,No Relation,Fled/Escaped,false,None
20190119KSLAO,,Male,,No Relation,Fled/Escaped,false,None
20190118NCSHD,,Male,,No Relation,Fled/Escaped,false,None
20190118MOHAS,,Male,,,Fled/Escaped,false,None
20190118ALCET,19,Male,Black,No Relation,Fled/Apprehended,false,None
20190111ORCAE,30,Male,,Parent,Apprehended/Killed by LE,false,None
20190107CACEB,,,,,Fled/Escaped,false,None
20181218DEAIG,,,,,Fled/Escaped,false,None
20181214MOWIK,Teen,Male,,Student,Fled/Escaped,false,None
20181213INDER,14,Male,,Former Student,Suicide,true,Suicide
20181211KYCAC,,,,No Relation,Fled/Escaped,false,None
20181210NYJEJ,17,Male,,Student,Suicide,true,Suicide
20181128PASTP,,,,,Fled/Escaped,false,None
20181124OHAFC,Adult,Male,,No Relation,Fled/Escaped,false,None
20181122WAMOD,Adult,Male,,Nonstudent Using Athletic Facilities/Attending Game,Fled/Escaped,false,None
20181122TXSKD,Teen,Male,Black,,Fled/Escaped,false,None
20181121MIPEP,22,Male,,No Relation,Fled/Apprehended,false,None
20181120VASIP,29,Male,Black,Parent,Fled/Apprehended,false,None
20181112MDEAE,,Male,,Police Officer/SRO,Suicide,true,Suicide
20181109GAGAM,Teen,Male,,Student,Fled/Apprehended,false,None
20181108CACLS,29,Male,Hispanic,No Relation,Fled/Apprehended,false,None
20181108CACLS,29,Male,Hispanic,No Relation,Fled/Apprehended,false,None
20181105SCACC,12,Male,,Student,Apprehended/Killed by LE,false,None
20181104KYCRL,Adult,Male,,,Fled/Escaped,false,None
20181029NCBUM,16,Male,Black,Student,Surrendered,false,None
20181026FLSAO,16,Male,Hispanic,No Relation,Fled/Apprehended,false,None
20181025MICOD,,,,,Fled/Escaped,false,None
20181023NHGOM,,Male,,,Fled/Escaped,false,None
20181022CTDUB,18,Male,Black,No Relation,Fled/Apprehended,false,None
20181020GASHS,18,Male,Black,No Relation,Fled/Apprehended,false,None
20181013TNMCN,,Male,Black,,Fled/Escaped,false,None
20181012MIBAB,,,,,Fled/Escaped,false,None
20181007VAVAH,,Male,,,Fled/Escaped,false,None
20181005VALAN,,Male,,,Fled/Escaped,false,None
20181005TNHAB,16,Male,,,Subdued by Students/Staff/Other,false,None
20181004ORJAP,Adult,Female,,Parent,Fled/Escaped,false,None
20181003AKDEA,26,Male,Black,Relative,Fled/Apprehended,false,None
20181002ARCHL,,,,,Fled/Escaped,false,None
20180928SDCHC,20,Male,,No Relation,Attempted Suicide,false,Wounded
20180927TXHEC,47,Male,,Nonstudent Using Athletic Facilities/Attending Game,Apprehended/Killed by LE,false,None
20180926MDMAB,Teen,Male,,Student,,false,None
20180924PACEP,,Male,,,Fled/Escaped,false,None
20180924PACEP,,Male,,,Fled/Escaped,false,None
20180924NCLAC,,Male,,,Fled/Escaped,false,None
20180924GAAPB,Teen,Male,,Student,Suicide,true,Suicide
20180920CAPOP,Adult,Male,,,Suicide,true,Suicide
20180920CACHL,18,Male,,,Fled/Apprehended,false,None
20180920CACHL,20,Male,,,Fled/Apprehended,false,None
20180917ALBLH,7,Male,,Student,,false,None
20180914WAMAE,,,,,Fled/Escaped,false,None
20180914FLBOB,Teen,Male,,Student,Apprehended/Killed by LE,false,None
20180911NVCAL,16,Male,Black,Rival School Student,Fled/Escaped,false,None
20180910TNFAM,23,Male,,No Relation,Fled/Apprehended,false,None
20180910ILCHC,,Male,,,Fled/Escaped,false,None
20180909CAGIG,Adult,,,Police Officer/SRO,Law Enforcement,false,None
20180907IAHED,,,,,Fled/Escaped,false,None
20180905RIPRP,16,Male,Hispanic,Rival School Student,Fled/Apprehended,false,Wounded
20180903NYLUN,,Male,,,Fled/Escaped,false,None
20180831IANOE,12,Male,White,Student,Subdued by Students/Staff/Other,false,None
20180831CABAS,Teen,Male,,Student,Fled/Apprehended,false,None
20180830NCVIC,34,Male,Black,Intimate Relationship,Fled/Apprehended,false,None
20180830MIOTG,,Male,,,Fled/Escaped,false,None
20180829DETOD,53,Male,Black,Other Staff,Fled/Apprehended,false,None
20180828COCOD,14,Male,,Student,Fled/Apprehended,false,None
20180824ILMEC,,Male,,,Fled/Escaped,false,None
20180824FLRAJ,16,Male,,,Fled/Apprehended,false,None
20180823ALALM,,,,,Fled/Escaped,false,None
20180817FLPAW,,,,,Fled/Escaped,false,None
20180811TNANN,30,Male,Black,Parent,Fled/Apprehended,false,None
20180809NJLAM,,Male,,,Fled/Escaped,false,None
20180804MDEDE,,,,,Fled/Escaped,false,None
20180803IALIO,32,Male,White,No Relation,Fled/Apprehended,false,Wounded
20180803IALIO,23,Male,White,No Relation,Fled/Apprehended,false,None
20180803IALIO,Adult,Male,White,No Relation,Apprehended/Killed by LE,true,Fatal
20180719WAWEY,,,,,Fled/Escaped,false,None
20180717WVHUH,Adult,Male,,,,false,None
20180711OHMIM,Teen,,,,Fled/Apprehended,false,None
20180703KSSUO,32,Male,,Other Staff,Fled/Apprehended,false,None
20180701TNRAM,,,,,Fled/Escaped,false,None
20180625OHFUS,14,Male,Black,,Fled/Apprehended,false,None
20180625OHFUS,16,Male,Black,,Fled/Apprehended,false,None
20180624MTSEM,17,Male,White,,Fled/Apprehended,false,None
20180621TXSKD,,,,,Fled/Escaped,false,None
20180617ORGRP,,,,,Fled/Escaped,false,None
20180615OHVAB,17,Male,,No Relation,Fled/Apprehended,false,None
20180601TXMCM,Teen,Male,,Student,Suicide,true,Suicide
20180525INNON,13,Male,,Student,Subdued by Students/Staff/Other,false,None
20180521GABEG,Adult,,,No Relation,Fled/Escaped,false,None
20180518TXSAS,17,Male,White,Student,Surrendered,false,None
20180518GAMOA,,,,,Fled/Escaped,false,None
20180517MOCEK,21,Male,Black,,Fled/Apprehended,false,None
20180516ILDID,19,Male,White,Student,Apprehended/Killed by SRO,false,None
20180511CAHIP,14,Male,,Former Student,Fled/Apprehended,false,None
20180505MIFOF,Adult,Male,,Police Officer/SRO,Law Enforcement,false,None
20180503TNWAW,Teen,,,Student,,false,None
20180503SDENW,,,,,Fled/Apprehended,false,None
20180425NMHIA,Adult,Male,Hispanic,Parent,Apprehended/Killed by LE,false,None
20180423GABEA,,Male,Black,Intimate Relationship,Fled/Apprehended,false,None
20180420FLFOO,19,Male,White,Former Student,Surrendered,false,None
20180419MIJAJ,,,,No Relation,Fled/Escaped,false,None
20180412MORAR,,Male,,,Fled/Escaped,false,None
20180409NYGLG,16,Male,,Student,Fled/Apprehended,false,None
20180329KYJOE,51,Male,White,Parent,Apprehended/Killed by LE,true,Fatal
20180328MSEUE,21,Male,White,Former Student,Fled/Apprehended,false,None
20180320MDGRG,17,Male,White,Student,Suicide,true,Suicide
20180319VADOP,Adult,,,No Relation,Fled/Escaped,false,None
20180316MTBIM,Adult,Male,,Police Officer/SRO,Law Enforcement,false,None
20180313VAGEA,27,Male,Black,Police Officer/SRO,Surrendered,false,None
20180313CASES,Adult,Male,White,Police Officer/SRO,Surrendered,false,None
20180309KYFRL,Teen,Male,,Student,,false,Wounded
20180307ALHUB,17,Male,Black,Student,Fled/Apprehended,false,Wounded
20180305MOKIC,17,Male,,Student,Suicide,true,Suicide
20180228GADAD,53,Male,White,Teacher,Surrendered,false,None
20180226WAOAT,Teen,Male,,Student,Fled/Apprehended,false,None
20180220OHJAM,13,Male,,Student,Suicide,true,Suicide
20180215FLNOC,Adult,,,Police Officer/SRO,Law Enforcement,false,Wounded
20180214FLMAP,19,Male,White,Former Student,Fled/Apprehended,false,None
20180209TNPEN,14,Male,Black,Student,Fled/Apprehended,false,None
20180208NYTHN,17,Male,,Student,Apprehended/Killed by LE,false,None
20180205MNHAM,Child,,,Student,,false,None
20180205MDOXO,18,Multiple,Black,Intimate Relationship,Fled/Apprehended,false,None
20180205MDOXO,17,Multiple,Black,Intimate Relationship,Fled/Apprehended,false,None
20180201CASAL,12,Female,,Student,,false,None
20180131PALIP,,,,,Fled/Escaped,false,None
20180131PALIP,,,,,Fled/Escaped,false,None
20180131PALIP,,,,,Fled/Escaped,false,None
20180126MIDED,Teen,Male,,Rival School Student,Fled/Escaped,false,None
20180125ALMUM,16,Male,Black,Student,Apprehended/Killed by LE,false,None
20180123KYMAB,15,Male,White,Student,Surrendered,false,None
20180122TXITI,16,Male,White,Student,Fled/Apprehended,false,None
20180122LANEN,,Male,,,Fled/Escaped,false,None
20180116VTMOM,32,Male,White,No Relation,Apprehended/Killed by LE,true,Fatal
20180109AZCOS,14,Male,,Student,Suicide,true,Suicide
20180105IAFOF,33,Male,White,No Relation,Fled/Apprehended,false,None
20180104WANES,,,,,Fled/Escaped,false,None
20171231WAPIM,19,Male,,No Relation,Fled/Apprehended,false,None
20171231WAPIM,18,Male,,No Relation,Fled/Apprehended,false,None
20171231LAEDA,Adult,Male,,No Relation,Fled/Escaped,false,None
20171227CALIL,Adult,Male,,,Fled/Escaped,false,None
20171219MIBEB,,,,,Fled/Escaped,false,None
20171214TXELD,Child,,,Student,,false,None
20171212TXSAP,21,Male,,Relative,Surrendered,false,Wounded
20171212TXSAP,20,Male,,Relative,Surrendered,false,Wounded
20171211NCHIH,15,Male,Black,,Fled/Apprehended,false,None
20171211NCHIH,15,Male,Black,,Fled/Apprehended,false,None
20171209ILCHC,,,,,Fled/Escaped,false,None
20171207NMAZA,21,Male,White,Former Student,Suicide,true,Suicide
20171130VASAV,Teen,,,Student,Suicide,true,Suicide
20171129OHBAL,49,Male,White,No Relation,Surrendered,false,None
20171128CABOS,21,Male,White,No Relation,Fled/Apprehended,false,None
20171123COMAD,,Male,,,Fled/Escaped,false,None
20171123COMAD,,Male,,,Fled/Escaped,false,None
20171123COMAD,,Male,,,Fled/Escaped,false,None
20171117TNNOJ,,,,,Fled/Escaped,false,None
20171114FLLAM,17,Male,,Student,Suicide,true,Suicide
20171114CARAR,44,Male,White,No Relation,Suicide,true,Suicide
20171110GALAM,8,Male,,Student,Surrendered,false,None
20171109GABEC,15,Male,,Student,Surrendered,false,None
20171103MIPAL,21,Male,Black,,Surrendered,false,None
20171027NYPRU,,Male,,,Fled/Escaped,false,None
20171020OHSTT,,,,,Fled/Escaped,false,None
20171014NCKEK,22,Male,Black,Parent,Apprehended/Killed by LE,false,None
20171012NCCHC,37,Male,Black,No Relation,Fled/Apprehended,false,None
20171012NCCHC,30,Male,Black,No Relation,Fled/Apprehended,false,None
20170930PAPUC,37,Female,,,Fled/Apprehended,false,None
20170929MOLEL,Teen,Female,,Student,Suicide,true,Suicide
20170929CASUL,,,,,Fled/Escaped,false,None
20170928KYSOL,Adult,Male,,No Relation,Fled/Escaped,false,Wounded
20170920ILMAM,14,Male,White,Student,Subdued by Students/Staff/Other,false,None
20170913WAFRR,15,Male,White,Student,Subdued by Students/Staff/Other,false,None
20170908OHCOC,18,Male,Black,Student,Surrendered,false,None
20170908ARNON,,,,,Fled/Escaped,false,None
20170831CAARS,,Male,,Nonstudent Using Athletic Facilities/Attending Game,Fled/Escaped,false,None
20170817GALIL,Adult,Male,,Teacher,Attempted Suicide,false,Wounded
20170813NYHUH,Adult,Male,Black,No Relation,Fled/Apprehended,false,None
20170801GABAV,,Male,,,Fled/Escaped,false,None
20170721UTSPS,19,Male,,,Fled/Escaped,true,Suicide
20170719WIHIM,Adult,Male,,,Fled/Escaped,false,None
20170622SCWIF,17,Male,,Student,Surrendered,false,Wounded
20170616ILWAC,18,Male,Black,No Relation,Fled/Apprehended,false,None
20170616ILWAC,16,Male,Black,No Relation,Fled/Apprehended,false,None
20170616ILWAC,17,Male,Black,No Relation,Fled/Apprehended,false,None
20170526OKMCT,14,Male,,Student,Apprehended/Killed by LE,false,None
20170524NEMCO,51,Male,Black,No Relation,Fled/Apprehended,false,None
20170524ALGRG,Teen,Male,,Student,Subdued by Students/Staff/Other,false,None
20170523TXKEK,Adult,Male,,Other Staff,Suicide,true,Suicide
20170515LAMOL,Teen,Male,White,Student,Surrendered,false,None
20170415ORMEP,Teen,Male,Black,No Relation,Fled/Escaped,false,None
20170415OKBOT,,,,,Fled/Escaped,false,None
20170410CANOS,53,Male,Black,Intimate Relationship,Suicide,true,Suicide
20170405TNRAM,19,Male,,Nonstudent,Surrendered,false,Wounded
20170328PALIP,16,Male,Black,Nonstudent Using Athletic Facilities/Attending Game,Apprehended/Killed by Other,true,Fatal
20170328PALIP,22,Male,Black,Nonstudent Using Athletic Facilities/Attending Game,Surrendered,false,Wounded
20170321CAKIK,17,Male,White,No Relation,Fled/Escaped,false,None
20170316ALROM,16,Male,Black,Student,Fled/Apprehended,false,None
20170218MNMAM,32,Male,,No Relation,Suicide,true,Suicide
20170206LASCB,Teen,Male,,Student,Fled/Apprehended,false,None
20170127SCSOA,18,Male,Black,,Fled/Apprehended,false,None
20170127SCSOA,19,Male,Black,Nonstudent Using Athletic Facilities/Attending Game,Fled/Apprehended,false,None
20170127ILSCN,,,,No Relation,Fled/Escaped,false,None
20170120OHWEW,17,Male,White,Student,Surrendered,false,None
20170117FLFRE,Adult,,,Parent,,false,None
20170110ALALA,Teen,Male,,Student,Surrendered,false,None
20170103INCEE,15,Male,,Student,Suicide,true,Suicide
20170101DELAH,19,Male,Black,,Fled/Apprehended,false,None
20161216FLSAJ,17,Male,Black,Student,Apprehended/Killed by LE,false,None
20161209NVHUR,Adult,,,Police Officer/SRO,Law Enforcement,false,None
20161209MOBAS,,Male,,,Fled/Escaped,false,None
20161201UTMUB,15,Male,,Student,Surrendered,false,None
20161117MNCRS,8,Male,,Student,,false,None
20161111MIBAA,Adult,Male,White,Police Officer/SRO,Law Enforcement,false,None
20161103COBEB,15,Male,,Student,Suicide,true,Suicide
20161102COGRG,17,Male,Hispanic,Student,Suicide,true,Suicide
20161025UTUNS,14,Male,,Student,Surrendered,false,None
20161018CAJUS,17,Male,,Nonstudent,Fled/Apprehended,false,None
20161018CAJUS,Teen,Male,,Nonstudent,Fled/Apprehended,false,None
20161018CAJUS,Teen,Male,,Nonstudent,Fled/Apprehended,false,None
20161018CAJUS,Teen,Male,,Nonstudent,Fled/Apprehended,false,None
20161015GABEA,,Male,,,Fled/Escaped,false,None
20161013OHLIC,16,Male,Black,,Fled/Apprehended,false,None
20161013OHLIC,16,Male,Black,,Fled/Apprehended,false,None
20161011ALVIM,16,Male,Black,Student,Surrendered,false,None
20161006TXDUF,,,,,Fled/Escaped,false,None
20160930ILCHC,,,,,Fled/Escaped,false,None
20160928TNSYP,14,Male,,Student,Surrendered,false,None
20160928SCTOT,14,Male,White,Former Student,Subdued by Students/Staff/Other,false,None
20160927OHELC,,,,,Fled/Escaped,false,None
20160926MSTAJ,18,Male,Black,No Relation,Fled/Apprehended,false,None
20160909PASMY,,Male,,,Fled/Escaped,false,None
20160909IACEC,15,Male,,Student,Suicide,true,Suicide
20160908TXALA,14,Female,,Student,Suicide,true,Suicide
20160907MIDED,,,,,Fled/Escaped,false,None
20160902OKMCT,16,Male,,,Fled/Escaped,false,None
20160819FLSOM,,Male,,Nonstudent Using Athletic Facilities/Attending Game,,false,None
20160817OHWEC,Adult,Male,,No Relation,Fled/Escaped,false,None
20160725MOAVA,18,Male,White,Former Student,Suicide,true,Suicide
20160630CAWOH,,,,,Fled/Escaped,false,None
20160616ILMCC,,,,,Fled/Escaped,false,None
20160608MAJED,24,Male,Black,No Relation,Fled/Apprehended,false,None
20160608MAJED,23,Male,Black,No Relation,Fled/Apprehended,false,None
20160515KSAUA,37,Male,,Relative,,false,Wounded
20160513SCSOG,16,Male,,Student,Surrendered,false,Wounded
20160506IDROT,14,Male,,Student,,false,None
20160506FLOSP,28,Male,,No Relation,Surrendered,false,Wounded
20160505MDHIB,62,Male,Hispanic,Intimate Relationship,Fled/Apprehended,false,None
20160504COEAP,25,Male,White,No Relation,Fled/Escaped,true,Suicide
20160502TXKID,15,Male,Black,Student,,false,Wounded
20160423WIANA,18,Male,White,Former Student,Apprehended/Killed by LE,true,Fatal
20160315ALHUB,19,Male,Black,Relative,Apprehended/Killed by SRO,false,None
20160229OHMAM,14,Male,White,Student,Fled/Apprehended,false,None
20160226TXPAP,63,Male,Black,Parent,Apprehended/Killed by LE,false,None
20160217PACHC,16,Male,Hispanic,Student,Apprehended/Killed by LE,false,None
20160217FLROH,Adult,Male,,Other Staff,Surrendered,false,None
20160212AZING,15,Female,White,Student,Suicide,true,Suicide
20160209MIMUM,22,Male,Black,No Relation,Apprehended/Killed by LE,false,Wounded
20160129PABEP,16,Male,Other,Student,Apprehended/Killed by LE,false,None
20160122INLAI,17,Male,Black,Student,Fled/Apprehended,false,None
20160120INNOI,Adult,Male,,,,false,None
20160113ARHAB,17,Male,,Student,Surrendered,false,None
20160112DECED,13,Male,,Student,Fled/Apprehended,false,None
20151204KSWEW,17,Male,Black,Student,Apprehended/Killed by LE,false,Wounded
20151120FLNAM,Teen,Male,,Other Student,,false,None
20151111ARSUS,Teen,Male,,Student,Surrendered,false,None
20151105GAVEM,9,Male,,Student,Apprehended/Killed by SRO,false,None
20151024TXEDS,,Male,,,Fled/Escaped,false,None
20151015TXKAS,22,Female,Black,Friend,Fled/Apprehended,false,None
20150930SDHAH,16,Male,White,Student,Subdued by Students/Staff/Other,false,None
20150922NCCES,26,Female,White,Parent,Surrendered,false,None
20150911LANOL,,Male,Black,,Fled/Escaped,false,None
20150903ORNEN,53,Male,White,No Relation,Fled/Apprehended,false,None
20150825GAWSA,Child,Male,,Student,Surrendered,false,None
20150823TXWIR,20,Male,White,No Relation,,false,None
20150808TXPAP,21,Male,White,Former Student,Fled/Apprehended,false,None
20150724TXELC,15,Male,Black,,Fled/Apprehended,false,Wounded
20150705TXCOD,18,Male,Black,Nonstudent Using Athletic Facilities/Attending Game,Fled/Apprehended,false,None
20150629TXJOS,28,Male,,,Apprehended/Killed by LE,true,Fatal
20150627CTSAH,,Male,,Nonstudent Using Athletic Facilities/Attending Game,Fled/Escaped,false,None
20150623NEFOF,35,Male,Black,No Relation,Fled/Apprehended,false,None
20150604NCSOF,38,Male,White,No Relation,Apprehended/Killed by LE,false,None
20150604NCSOF,29,Female,White,No Relation,Apprehended/Killed by LE,false,None
20150527FLEVE,56,Male,White,No Relation,Fled/Apprehended,false,None
20150524MISOF,,,,,Fled/Escaped,false,None
20150521FLDUJ,16,Male,Black,Student,Fled/Apprehended,false,None
20150520TXROR,18,Male,,Student,Suicide,true,Suicide
20150512FLUNJ,,Male,Black,No Relation,Fled/Escaped,false,None
20150512AZCOT,18,Male,Black,Student,Suicide,true,Suicide
20150505GACOC,14,Male,,Student,,false,None
20150504OHWIC,,,,,Fled/Escaped,false,None
20150428MDDRW,,Male,,No Relation,Fled/Escaped,false,None
20150427WANOL,16,Male,White,Student,Subdued by Students/Staff/Other,false,None
20150422NVRUL,11,Male,,Student,,false,None
20150417TXSES,18,Male,Hispanic,Student,Suicide,true,Suicide
20150330MOPEU,24,Male,Black,No Relation,Fled/Apprehended,false,None
20150215CATEM,17,Male,White,,Fled/Escaped,false,None
20150215ARLAL,62,Male,White,Relative,Fled/Apprehended,false,None
20150204MDFRF,21,Male,Black,Nonstudent Using Athletic Facilities/Attending Game,Fled/Apprehended,false,None
20150204MDFRF,,Male,Black,Nonstudent Using Athletic Facilities/Attending Game,Fled/Apprehended,false,None
20150126MNHAR,48,Male,,No Relation,Suicide,true,Suicide
20150122SCROH,Teen,Male,,Student,Fled/Apprehended,false,None
20150120ALWIM,Teen,Male,,Student,Fled/Escaped,false,None
20150116FLVAO,15,Male,Black,Student,Fled/Apprehended,false,None
20150115WIWIM,37,Male,Black,Parent,Fled/Apprehended,false,None
20141217MIGOW,,Male,,,Fled/Escaped,false,None
20141217MEBEW,41,Male,White,Former Student,Suicide,true,Suicide
20141216PASUP,,,,,Fled/Escaped,false,None
20141212ORROP,16,Male,Black,Student,Fled/Apprehended,false,None
20141120FLMIM,17,Male,Black,Student,Fled/Apprehended,false,None
20141024WAMAM,15,Male,Native American/Alaska Native,Student,Suicide,true,Suicide
20141024GALAA,17,Male,Black,Student,Apprehended/Killed by LE,false,None
20141021TNAMM,13,Male,,Student,Surrendered,false,None
20141003GALAF,18,Male,Black,Student,Fled/Apprehended,false,None
20140930NCALA,16,Male,Black,Student,Surrendered,false,None
20140930KYFEL,16,Male,Black,Student,Fled/Apprehended,false,None
20140925NHWEM,21,Male,Black,Former Student,Subdued by Students/Staff/Other,false,None
20140919IANOD,14,Male,Black,,Fled/Apprehended,false,None
20140911UTWET,39,Female,White,Teacher,Surrendered,false,Wounded
20140910FLGRL,14,Male,Black,Student,Suicide,true,Suicide
20140909FLSTM,Teen,Male,Black,Student,Fled/Apprehended,false,None
20140909FLSTM,Teen,Male,Black,Student,Fled/Apprehended,false,None
20140909FLSTM,Teen,Male,Black,Student,Fled/Apprehended,false,None
20140909FLSTM,Teen,Male,Black,Student,Fled/Apprehended,false,None
20140909FLSTM,Teen,Male,Black,Student,Fled/Apprehended,false,None
20140814VASAN,17,Male,,,Fled/Apprehended,false,None
20140813MDHEF,16,Male,Black,,Fled/Apprehended,false,None
20140813MDHEF,21,Male,Black,,Fled/Apprehended,false,None
20140623MOKEB,Teen,Male,,Student,Surrendered,false,None
20140610ORRET,15,Male,White,Student,Suicide,true,Suicide
20140521WICLM,18,Male,Black,No Relation,Fled/Apprehended,false,None
20140514CAJOR,,Male,Black,,Fled/Escaped,false,None
20140503WAHOE,,Male,,Nonstudent Using Athletic Facilities/Attending Game,Fled/Escaped,false,None
20140421UTPRP,14,Male,,Student,Surrendered,false,Wounded
20140421INSTG,55,Male,Hispanic,Parent,Fled/Escaped,true,Suicide
20140411MIEAD,,Male,Black,,Fled/Escaped,false,None
20140410OHLIC,48,Male,Black,No Relation,Fled/Apprehended,false,None
20140409NCDHG,17,Male,Black,Rival School Student,Fled/Apprehended,false,None
20140403NJUNN,Adult,Male,Hispanic,No Relation,Fled/Escaped,false,None
20140325GABEC,15,Male,Black,Student,Fled/Apprehended,false,None
20140325GABEC,15,Male,Black,Student,Fled/Apprehended,false,None
20140312FLACM,41,Male,Black,No Relation,Fled/Apprehended,false,None
20140307LAMAT,17,Male,Black,,,false,None
20140220MIRAR,42,Male,Black,Parent,Surrendered,false,None
20140211IAGLG,Adult,Male,,Parent,Surrendered,false,None
20140211OHCHL,17,Male,,,Fled/Apprehended,false,None
20140210NCSAS,17,Male,Black,Nonstudent,Fled/Apprehended,false,None
20140207ORBEB,17,Male,,Student,Suicide,true,Suicide
20140131IANOD,Adult,Male,Black,No Relation,Fled/Escaped,false,None
20140131IANOD,Adult,Male,Black,No Relation,Fled/Escaped,false,None
20140131IANOD,Adult,Male,Black,No Relation,Fled/Escaped,false,None
20140131IANOD,Adult,Male,Black,No Relation,Fled/Escaped,false,None
20140131IANOD,Adult,Male,Black,No Relation,Fled/Escaped,false,None
20140131IANOD,Adult,Male,Black,No Relation,Fled/Escaped,false,None
20140131AZCEP,20,Male,Black,No Relation,Fled/Apprehended,false,None
20140131AZCEP,20,Male,Black,No Relation,Fled/Apprehended,false,None
20140128HIPRH,Adult,,,Police Officer/SRO,Law Enforcement,false,Wounded
20140127ILREC,18,Male,Black,Student,Fled/Apprehended,false,None
20140117PADEP,18,Male,Black,Student,Fled/Apprehended,false,None
20140115PAKIL,,Male,Black,,Fled/Escaped,false,None
20140114NMBER,14,Male,White,Student,Surrendered,false,None
20140114LASTB,17,Male,Black,,Fled/Apprehended,false,None
20140113CTHIN,17,Male,Black,Nonstudent Using Athletic Facilities/Attending Game,Fled/Apprehended,false,None
20140109TNLIJ,16,Male,Black,Student,Fled/Apprehended,false,None
20131219CAEDF,16,Male,Hispanic,Student,Fled/Apprehended,false,None
20131213COARC,18,Male,White,Student,Suicide,true,Suicide
20131204FLWEW,17,Male,Black,Student,Fled/Apprehended,false,None
20131113PABRP,16,Male,Black,Student,Fled/Apprehended,false,None
20131103GASTL,Teen,Male,,Student,Fled/Apprehended,false,None
20131101IAALA,23,Male,White,Former Student,Suicide,true,Suicide
20131023CANEC,Child,,,Student,,false,None
20131021NVSPS,12,Male,Hispanic,Student,Suicide,true,Suicide
20131015TXLAA,16,Male,Hispanic,Student,Suicide,true,Suicide
20131004FLAGP,,Male,,No Relation,Fled/Escaped,false,None
20131002NHWIS,24,Male,White,No Relation,Fled/Apprehended,false,None
20130928MENEG,19,Male,,No Relation,Suicide,true,Suicide
20130927ILROC,18,Male,Black,No Relation,Fled/Apprehended,false,None
20130830NCCAW,18,Male,Black,Student,Apprehended/Killed by SRO,false,None
20130823MSNOS,21,Male,Black,Nonstudent Using Athletic Facilities/Attending Game,Fled/Escaped,false,None
20130823MSNOS,17,Male,Black,Nonstudent Using Athletic Facilities/Attending Game,Fled/Escaped,false,None
20130823MSNOS,21,Male,Black,Nonstudent Using Athletic Facilities/Attending Game,Fled/Escaped,false,None
20130822TNWEM,5,Male,,Student,Surrendered,false,None
20130820GAROD,20,Male,White,No Relation,Surrendered,false,None
20130815TNNOC,40,Male,Black,No Relation,Fled/Apprehended,false,None
20130619FLALW,53,Male,Hispanic,Other Staff,Fled/Apprehended,false,None
20130618NCHIC,17,Male,Black,,Apprehended/Killed by LE,false,Wounded
20130618NCHIC,17,Male,Black,,Apprehended/Killed by LE,true,Fatal
20130523FLREH,11,Male,,Student,,false,None
20130513ALOSB,36,Female,Black,Parent,,false,None
20130430NMTUT,19,Male,,No Relation,Apprehended/Killed by LE,true,Fatal
20130429OHLAC,17,Male,,Student,Attempted Suicide,false,Wounded
20130416TXTET,15,Male,,Student,Suicide,true,Suicide
20130321MIDAS,13,Male,White,Student,Suicide,true,Suicide
20130227GAGRA,17,Female,Black,Student,Surrendered,false,Wounded
20130213CAHIS,18,Male,Black,No Relation,Fled/Apprehended,false,None
20130201MIMAD,16,Male,,,Apprehended/Killed by LE,true,Fatal
20130201MIMAD,15,Male,,,Apprehended/Killed by LE,false,Wounded
20130131GAPRA,15,Male,,Student,Apprehended/Killed by SRO,false,None
20130129ALDAM,65,Male,White,No Relation,Fled/Apprehended,false,None
20130111MIOSD,Teen,Male,,Nonstudent Using Athletic Facilities/Attending Game,Fled/Escaped,false,None
20130110CATAT,16,Male,White,Student,Surrendered,false,None
20130107FLAPF,,,,,Fled/Escaped,false,None
20121214CTSAN,20,Male,White,Former Student,Suicide,true,Suicide
20121210TXSPH,15,Male,,Student,Surrendered,false,None
20121019ILBAC,14,Male,Black,,Fled/Apprehended,false,None
20121019ILBAC,16,Male,Black,,Fled/Apprehended,false,None
20121012NDFAF,Teen,Male,,Student,Attempted Suicide,false,Wounded
20120926OKSTS,13,Male,White,Student,Suicide,true,Suicide
20120907ILNON,15,Male,White,Student,Subdued by Students/Staff/Other,false,None
20120827MDPEP,15,Male,White,Student,Subdued by Students/Staff/Other,false,None
20120824GABAH,15,Male,,Student,Suicide,true,Suicide
20120816TNHAM,Adult,Male,,No Relation,Fled/Escaped,false,None
20120706RINAP,20,Male,Black,No Relation,Fled/Apprehended,false,None
20120525NCMAC,51,Male,White,Parent,Fled/Apprehended,false,None
20120525AZWEA,38,Male,Black,,Fled/Apprehended,false,None
20120401ARKIR,18,Male,White,No Relation,Fled/Apprehended,false,None
20120315ALLEM,16,Male,Black,Former Student,Surrendered,false,None
20120306FLEPJ,28,Male,White,Former Teacher,Suicide,true,Suicide
20120227OHCHC,17,Male,White,Student,Surrendered,false,None
20120222WAARB,10,Male,White,Student,Surrendered,false,None
20120210NHWAW,14,Male,White,Student,Attempted Suicide,false,Wounded
20120110TXNOH,18,Male,Black,Student,Subdued by Students/Staff/Other,false,None
20120104TXCUB,Child,,,Student,Apprehended/Killed by LE,true,Fatal
20111228MINOF,17,Male,Black,,Fled/Apprehended,false,None
20111228MINOF,17,Male,Black,,Fled/Apprehended,false,None
20111212TXHAE,36,Male,White,No Relation,Surrendered,false,None
20111024NCCAF,15,Male,Black,Student,Fled/Apprehended,false,None
20110930ORWIP,20,Male,White,,Fled/Apprehended,false,None
20110930ORWIP,20,Male,White,,Fled/Apprehended,false,None
20110930NCGAC,,Male,,,Fled/Escaped,false,None
20110923WAISS,51,Male,,No Relation,Apprehended/Killed by LE,true,Fatal
20110523HIHIP,14,Male,Hawaiian/Pacific Islander,Student,Surrendered,false,None
20110517WAHOE,16,Male,,,Fled/Apprehended,false,None
20110419TXBEH,6,Male,,Student,,false,None
20110413FLSHA,17,Male,,,Fled/Apprehended,false,None
20110330TXWOH,Teen,Male,Black,Rival School Student,Fled/Escaped,false,Wounded
20110330TXWOH,Teen,Male,Black,Rival School Student,Fled/Escaped,false,Wounded
20110330TXWOH,,Male,Black,,Fled/Escaped,false,None
20110325INMAM,16,Male,White,Former Student,Fled/Apprehended,false,None
20110202CALOP,44,Male,White,Other Staff,Fled/Apprehended,false,None
20110118CAGAL,17,Male,Black,Student,Surrendered,false,None
20110105NEMIO,17,Male,Other,Student,Fled/Escaped,true,Suicide
20110104INCRC,,,,,Fled/Escaped,false,None
20101206COAUA,23,Male,White,Former Student,Fled/Apprehended,false,None
20101129WIMAM,15,Male,White,Student,Suicide,true,Suicide
20101023KSTOT,19,Male,White,No Relation,Fled/Apprehended,false,None
20101023KSTOT,21,Male,White,No Relation,Fled/Apprehended,false,None
20101008CAKEC,41,Male,White,No Relation,Subdued by Students/Staff/Other,false,None
20101001CAALS,,,,,Fled/Apprehended,false,None
20100921SCSOC,15,Male,White,Student,Apprehended/Killed by SRO,false,None
20100908MIMUD,17,Male,Black,Student,Fled/Apprehended,false,None
20100830TNSUB,62,Male,White,Relative,Apprehended/Killed by SRO,false,None
20100518CASOS,17,Male,,Former Student,Fled/Apprehended,false,None
20100428VAWOP,15,Male,Black,Student,Fled/Apprehended,false,None
20100226WABIT,30,Male,White,Intimate Relationship,Fled/Apprehended,false,None
20100223CODEL,32,Male,White,Former Student,Subdued by Students/Staff/Other,false,None
20100210TNINK,48,Male,,Teacher,Fled/Apprehended,false,None
20100205ALDIM,14,Male,Middle Eastern,Student,Apprehended/Killed by SRO,false,None
20100120ALLIL,32,Male,Black,Intimate Relationship,Fled/Apprehended,false,None
20091211LABOS,28,Male,,Intimate Relationship,Fled/Apprehended,false,None
20091106PAHAW,15,Male,,Student,Fled/Apprehended,false,None
20091030CAWIL,18,Male,Black,Nonstudent Using Athletic Facilities/Attending Game,Fled/Apprehended,false,None
20091016SCCAC,Adult,Male,,Police Officer/SRO,Law Enforcement,false,None
20091008NYMAM,28,Male,,No Relation,,false,None
20090916VAVIG,16,Male,,Student,Fled/Apprehended,false,None
20090911MIOWO,,,,,Fled/Escaped,false,None
20090908CTSTS,16,Male,,Student,Fled/Apprehended,false,None
20090827NCWEF,16,Male,,Student,Fled/Apprehended,false,None
20090624IAAPP,24,Male,White,Former Student,Fled/Apprehended,false,None
20090615CAINS,,Male,,,Fled/Apprehended,false,None
20090518LALAL,15,Male,White,Student,Suicide,true,Suicide
20090505NYCAC,17,Male,White,Student,Suicide,true,Suicide
20090501WISHS,17,Male,,Student,Suicide,true,Suicide
20090413CALOL,,Male,Hispanic,,Fled/Escaped,false,None
20090311TXCYH,Teen,Male,,Student,,false,None
20090310FLRIJ,Teen,Male,,Student,Fled/Escaped,false,None
20090310FLRIJ,Teen,Male,,Student,Fled/Escaped,false,None
20090306NCWEF,19,Male,,,Fled/Apprehended,false,None
20090302SDROS,10,Male,,Student,Apprehended/Killed by LE,false,None
20090223CTBRN,19,Male,,Nonstudent,Fled/Escaped,false,Wounded
20090220CAJOH,,Male,,,Fled/Escaped,false,None
20090217MICED,17,Male,,Nonstudent,Fled/Escaped,false,Wounded
20090217MICED,19,Male,,Nonstudent,Fled/Escaped,false,Wounded
20090211NCSCZ,11,Male,,Student,Surrendered,false,None
20090210CABAE,9,Male,,Student,,false,None
20090127NCCLC,18,Male,Black,Nonstudent Using Athletic Facilities/Attending Game,Fled/Apprehended,false,None
20090123ILCAC,18,Male,,Nonstudent Using Athletic Facilities/Attending Game,Fled/Apprehended,false,None
20090120PAEAE,15,Male,Hispanic,No Relation,Fled/Apprehended,false,None
20090120MIBEM,18,Male,,Nonstudent Using Athletic Facilities/Attending Game,Fled/Apprehended,false,None
20090120ILCOC,16,Male,,Student,Fled/Apprehended,false,None
20090120ILCOC,16,Male,,Student,Fled/Apprehended,false,None
20090114ILPEC,,,,,Fled/Escaped,false,None
20090109ILDUC,18,Male,Black,Student,Fled/Apprehended,false,None
20090108DEWIN,Adult,Female,,Police Officer/SRO,Law Enforcement,false,None
20081231OKKEN,68,Male,,,Suicide,true,Suicide
20081231GASHS,18,Female,,,,false,None
20081227PAWIP,,,,,Fled/Escaped,false,None
20081222FLLAL,47,Female,White,,Suicide,true,Suicide
20081221SCSUS,22,Male,,,Fled/Apprehended,false,None
20081212NYWIM,27,Male,Black,,Fled/Apprehended,false,None
20081212NCGUA,16,Female,,,Surrendered,false,None
20081205MNSHF,34,Male,,Teacher,Suicide,true,Suicide
20081202CAKIK,17,Male,,,Fled/Apprehended,false,None
20081130CAOAG,Adult,Male,,No Relation,Fled/Escaped,false,None
20081125TXNOH,18,Male,,,Fled/Escaped,false,None
20081118CACOO,13,Male,,Student,Surrendered,false,None
20081118CACEC,18,Male,,Student,Fled/Apprehended,false,None
20081115UTDES,15,Male,,Student,Other,false,None
20081115COTHL,18,Male,,Student,Apprehended/Killed by LE,false,None
20081112FLDIF,15,Female,Black,Student,Fled/Apprehended,false,None
20081103CAELO,,,,,Fled/Escaped,false,None
20081103CABEB,,,,,Fled/Escaped,false,None
20081031MESTS,55,Male,,No Relation,Apprehended/Killed by LE,false,None
20081029CAELG,10,Male,,Student,Subdued by Students/Staff/Other,false,None
20081023ALPRP,50,Male,,Parent,Surrendered,false,None
20081020CAVAA,14,Male,White,Student,Suicide,true,Suicide
20081016MIHED,15,Male,Black,Student,Fled/Apprehended,false,None
20080919CAGEA,,Male,,,Fled/Escaped,false,None
20080915CAMIS,17,Male,,Student,Suicide,true,Suicide
20080902OHSOW,15,Male,,Student,Surrendered,false,None
20080821TNCEK,15,Male,Hispanic,Student,Fled/Apprehended,false,None
20080814WALAF,17,Male,Hispanic,Relative,Fled/Apprehended,false,None
20080811WAWAK,49,Male,,No Relation,,false,None
20080516LAMAT,Teen,Male,,Student,Suicide,true,Suicide
20080416CAROF,Adult,,,Police Officer/SRO,Law Enforcement,false,None
20080306ALDAM,18,Male,,Student,Suicide,true,Suicide
20080214CAEOO,14,Male,,Student,Fled/Apprehended,false,None
20080207OHNOP,Adult,Male,White,Intimate Relationship,Suicide,true,Suicide
20080211TNMIM,17,Male,,Student,Surrendered,false,None
20080204TNHAM,16,Male,Black,Student,Fled/Apprehended,false,None
20071221CABAU,21,Male,Hispanic,No Relation,Fled/Apprehended,false,None
20071126NYHOH,17,Male,White,Student,,false,None
20071105LAJOR,13,Male,,Student,Suicide,true,Suicide
20071024TNMAM,15,Male,,Student,,false,None
20071010OHSUC,14,Male,White,Student,Suicide,true,Suicide
20071001CTPLM,15,Male,,Student,Fled/Apprehended,false,None
20070930AZSSP,18,Male,Other,,Fled/Escaped,false,None
20070928CALAO,17,Male,White,Student,Surrendered,false,None
20070804NJMON,19,Male,,,Fled/Apprehended,false,None
20070709ILCAC,,Male,,,Fled/Escaped,false,None
20070628TXDAD,17,Male,,Rival School Student,Fled/Apprehended,false,None
20070617SCBRB,21,Male,,No Relation,Surrendered,false,None
20070531NCNOG,,Male,,,Fled/Escaped,false,None
20070530NCVAG,,Male,,,Fled/Escaped,false,None
20070523RIOAC,11,Male,,Student,Subdued by Students/Staff/Other,false,None
20070515TXLIL,14,Male,,Student,Surrendered,false,None
20070512TXWEM,17,Male,,Student,Fled/Apprehended,false,None
20070510MIHED,,,,,Fled/Escaped,false,Wounded
20070504TXTIE,15,Female,,Student,Suicide,true,Suicide
20070503OHGED,16,Male,,,Apprehended/Killed by LE,false,None
20070418NCNOH,16,Male,,Student,Suicide,true,Suicide
20070411ORSPG,15,Male,,Student,Fled/Apprehended,false,None
20070410ILCHC,15,Male,,Student,Fled/Apprehended,false,None
20070329SCMYM,18,Male,,Student,Surrendered,false,Wounded
20070327CTSAH,,Male,,,Fled/Escaped,false,None
20070323FLUNO,10,Male,,Student,,false,None
20070308TNEAC,62,Male,,Other Staff,Suicide,false,Wounded
20070307TXGRG,16,Male,,Student,Suicide,true,Suicide
20070307MIHEM,17,Male,,Intimate Relationship,Suicide,true,Suicide
20070307CACEC,,Male,,No Relation,Fled/Escaped,false,None
20070227GACLA,10,Male,,Student,,false,None
20070226CASLA,12,Male,,Student,,false,None
20070208TXSTP,Teen,Male,,Student,,false,None
20070208ORCRP,18,Male,,Student,Suicide,true,Suicide
20070207FLPAJ,16,Male,,Student,Fled/Apprehended,false,None
20070131ILHIC,,Male,,Nonstudent,Fled/Escaped,false,None
20070124TNHAS,17,Male,,Student,Attempted Suicide,false,Wounded
20070118PAWIP,Teen,Male,,Student,Fled/Escaped,false,None
20070109NVWEL,Adult,Male,,No Relation,Fled/Apprehended,false,None
20070109CAGRV,,Male,,,Fled/Escaped,false,None
20070108OHROC,16,Male,,Student,Fled/Apprehended,false,None
20070104MINOD,,Male,,,Fled/Escaped,false,None
20070103WAHET,18,Male,Asian,Student,Surrendered,false,None
20070102NCWEF,14,Male,,Student,Fled/Apprehended,false,None
20061214PAMCC,17,Male,White,Student,Suicide,true,Suicide
20061213PABAB,Teen,Male,,Student,,false,None
20061212PASPS,16,Male,,Student,Suicide,true,Suicide
20061211ILCLC,17,Male,,Student,Fled/Apprehended,false,None
20061207NENOO,17,Male,,Student,Fled/Apprehended,false,None
20061201NCJOT,20,Male,,Nonstudent Using Athletic Facilities/Attending Game,Fled/Apprehended,false,None
20061122GASAA,,Male,,,Fled/Escaped,false,None
20061111CALIO,Adult,Male,,Nonstudent Using Athletic Facilities/Attending Game,Fled/Escaped,false,None
20061031TNHAK,39,Male,,No Relation,Fled/Apprehended,false,None
20061017TXSEK,16,Female,,Student,Suicide,true,Suicide
20061012MDGRB,8,Male,,Student,,false,None
20061010NYPOP,Teen,Male,,Student,Fled/Apprehended,false,None
20061009MOMEJ,13,Male,White,Student,Surrendered,false,None
20061002PAWEN,32,Male,White,No Relation,Suicide,true,Suicide
20060929WIWEC,15,Male,White,Student,Subdued by Students/Staff/Other,false,None
20060927COPLB,53,Male,White,,Suicide,true,Suicide
20060921DCCAW,17,Male,,Student,Fled/Apprehended,false,None
20060913MOWEC,17,Male,,Student,Apprehended/Killed by LE,false,Wounded
20060908TXSOF,Adult,Male,,Police Officer/SRO,Law Enforcement,false,None
20060905TNKIM,Adult,,,Parent,Fled/Escaped,false,None
20060831ALOXO,21,Male,,Nonstudent Using Athletic Facilities/Attending Game,Fled/Apprehended,false,None
20060830NCORH,18,Male,Hispanic,Former Student,Surrendered,false,None
20060829DCANW,16,Male,,Student,Fled/Apprehended,false,None
20060824VTESE,26,Male,Black,Intimate Relationship,Fled/Apprehended,false,Wounded
20060821INCAN,16,Male,,Student,Suicide,true,Suicide
20060820GALYH,Teen,Male,,,Fled/Escaped,false,None
20060819OHSOY,25,Male,,Nonstudent Using Athletic Facilities/Attending Game,Fled/Apprehended,false,None
20060817TXMEA,20,Male,Hispanic,No Relation,Fled/Apprehended,false,None
20060817TXMEA,17,Male,Hispanic,No Relation,Fled/Apprehended,false,None
20060815KYJTV,13,Male,,Student,Surrendered,false,None
20060731FLYOT,54,Male,Hispanic,Intimate Relationship,Suicide,true,Suicide
20060615MIPED,Adult,Male,,No Relation,Fled/Escaped,false,None
20060606INWIG,19,Male,,Relative,Fled/Apprehended,false,None
20060605CAVEL,,Male,Black,,Fled/Escaped,false,None
20060525PANON,18,Male,,Student,Surrendered,false,None
20060522SCBUI,19,Male,,Student,Apprehended/Killed by SRO,false,None
20060505FLPAM,Teen,Male,,Student,Fled/Escaped,false,None
20060424NCEAC,17,Male,,Student,Fled/Apprehended,false,None
20060418TXWEH,,Male,,No Relation,Fled/Escaped,false,None
20060405DCROW,,,,,Fled/Escaped,false,None
20060314NVPIR,14,Male,White,Student,Subdued by Students/Staff/Other,false,None
20060310NYISN,14,Male,,Student,Surrendered,false,None
20060310NYISN,16,Male,,Student,Surrendered,false,None
20060223ORROR,14,Male,White,Student,Fled/Apprehended,false,None
20060221PAWEP,23,Male,,No Relation,Fled/Apprehended,false,None
20060215PAWEY,Adult,Male,,Teacher,Suicide,true,Suicide
20060209DEWIN,,Male,,Nonstudent Using Athletic Facilities/Attending Game,Fled/Escaped,false,None
20060203CALOC,9,Male,,Student,,false,None
20060130MTCMG,16,Male,,Student,Suicide,true,Suicide
20060127TXLAG,16,Male,,Student,,false,None
20060123CAWIV,14,Male,,Student,,false,None
20060119OHWIC,19,Male,,Nonstudent,Fled/Apprehended,false,None
20060119OHWIC,20,Male,,Nonstudent,Fled/Apprehended,false,None
20060118VAINC,20,Male,,Nonstudent,Fled/Apprehended,false,None
20060118TXPAA,Teen,Male,,Student,Surrendered,false,None
20060118MTFRA,15,Female,,Student,Fled/Apprehended,false,None
20060113MIOSD,Teen,Male,,Student,Fled/Apprehended,false,None
20060113FLMIL,15,Male,White,Student,Apprehended/Killed by LE,true,Fatal
20060113ALPIP,20,Male,,Nonstudent Using Athletic Facilities/Attending Game,Apprehended/Killed by LE,false,None
20060111WIMAM,,,,,Fled/Escaped,false,None
20060110DEMOW,Teen,Male,,Student,Fled/Escaped,false,None
20060103NJLIJ,Teen,Male,,Student,Fled/Escaped,false,None
20051206MICED,,,,Nonstudent,Fled/Escaped,false,None
20051206CASAG,,Male,Hispanic,,Fled/Escaped,false,None
20051205MABOR,17,Male,Black,Student,Surrendered,false,None
20051116TXIRS,Adult,Male,,Police Officer/SRO,Law Enforcement,false,None
20051115FLPAM,17,Female,,Student,Surrendered,false,None
20051108TNCAJ,15,Male,White,Student,Subdued by Students/Staff/Other,false,None
20051028NYFAF,,Male,,,Fled/Escaped,false,None
20051028MDANA,17,Male,,Student,Fled/Apprehended,false,None
20051027CABIF,Adult,Male,,No Relation,Fled/Escaped,false,None
20051020MISAS,15,Male,,Student,Fled/Apprehended,false,None
20051019CASAS,17,Male,,Student,Fled/Apprehended,false,None
20051014NYSAN,Teen,Male,,Student,Fled/Escaped,false,None
20051011MIFAF,17,Male,,Student,Surrendered,false,None
20051007TXTUD,,,,,Fled/Escaped,false,None
20050925CAUNL,,,,,Fled/Escaped,false,None
20050924MISAS,,,,,Fled/Escaped,false,None
20050916UTUNS,,,,,Fled/Escaped,false,None
20050913ILHAC,15,Male,Black,Student,Apprehended/Killed by LE,false,None
20050909WIPAR,,,,,Fled/Escaped,false,n
20050902FLSOJ,21,Male,,No Relation,Fled/Escaped,false,None
20050901AKDIA,15,Male,,Student,Fled/Apprehended,false,None
20050825TNMAD,Teen,Male,,Student,Apprehended/Killed by LE,false,None
20050819FLUNM,,,,,Fled/Escaped,false,None
20050819GAMOM,,Male,,,Fled/Escaped,false,None
20050817CAPLB,26,Male,,No Relation,Fled/Apprehended,false,None
20050816VICOE,Adult,Male,,No Relation,Fled/Escaped,false,None
20050816VICOE,Adult,Male,,No Relation,Fled/Escaped,false,None
20050718NJWEN,25,Male,,Relative,Fled/Apprehended,false,Wounded
20050612NJBAA,Adult,Male,,No Relation,Fled/Escaped,false,None
20050608NYARP,17,Male,,Student,Fled/Apprehended,false,None
20050524LABOS,16,Male,,Student,Fled/Apprehended,false,Wounded
20050524COACD,,,,,Fled/Escaped,false,None
20050520ILLOM,19,Male,,Former Student,,false,None
20050517PAHIL,47,Male,,Intimate Relationship,Suicide,true,Suicide
20050514TXBER,17,Male,,Rival School Student,Fled/Apprehended,false,None
20050429OHDAC,17,Male,,,Fled/Apprehended,false,None
20050427LALER,15,Male,,Student,Fled/Apprehended,false,None
20050407TXCAC,45,Male,White,Parent,Fled/Apprehended,false,None
20050330TNEAM,17,Male,,Student,Fled/Apprehended,false,Wounded
20050324TNFAM,17,Female,,Student,,false,Wounded
20050321NYNEB,15,Male,,Student,Fled/Apprehended,false,Wounded
20050321MNRER,16,Male,Native American/Alaska Native,Former Student,Suicide,true,Suicide
20050317LAOPA,,Male,,Student,Fled/Escaped,false,None
20050317CALOL,18,Male,Black,No Relation,Fled/Apprehended,false,None
20050316PACAP,21,Male,,No Relation,Fled/Apprehended,false,None
20050314OHLEC,7,Male,,Student,Surrendered,false,None
20050310TXZAD,,Male,,,Fled/Escaped,false,None
20050309TNMAN,16,Male,,Former Student,Fled/Escaped,false,None
20050302TNSTD,14,Male,White,Student,Fled/Apprehended,false,None
20050208ILBOC,Teen,Male,,Student,Fled/Escaped,false,None
20050204GAMCA,19,Male,,Relative,,false,None
20050126ILWOP,15,Male,,Student,Fled/Apprehended,false,None
20050105PAMUN,16,Male,,,Fled/Apprehended,false,None
20041231TXRIR,38,Male,,Other Staff,Suicide,true,Suicide
20041213LALAL,,Male,,,Fled/Escaped,false,None
20041209WALAS,16,Male,,Student,Suicide,true,Suicide
20041119FLTEJ,Teen,Male,,Student,Surrendered,false,None
20041117FLAPA,14,Male,,Student,Apprehended/Killed by LE,false,None
20041116SCBAB,20,Male,,Nonstudent Using Athletic Facilities/Attending Game,Fled/Apprehended,false,None
20041115INBRG,22,Male,,Parent,Fled/Apprehended,false,None
20041115INBRG,22,Male,,Parent,Fled/Apprehended,false,None
20041115ALPAB,20,Male,,Nonstudent Using Athletic Facilities/Attending Game,Fled/Apprehended,false,None
20041022CATYH,,,,,Fled/Escaped,false,None
20041021MDTHB,16,Male,,Student,Fled/Apprehended,false,None
20041015CABIB,19,Male,,,Fled/Apprehended,false,None
20041012CALAS,25,Male,,No Relation,Apprehended/Killed by Other,true,Fatal
20041012CALAS,25,Male,,No Relation,Apprehended/Killed by Other,true,Fatal
20041007MANEN,15,Male,,Student,Suicide,true,Suicide
20041002NEJEG,20,Male,,No Relation,Fled/Apprehended,false,None
20040915INWIG,16,Male,,Student,Fled/Apprehended,false,None
20040912LABON,34,Female,,,,false,None
20040830ILPRM,Adult,Male,Black,No Relation,Fled/Escaped,false,None
20040824TNHAM,16,Male,,Student,,false,None
20040803ALHUB,17,Male,,Student,Fled/Apprehended,false,None
20040609CACAO,,Male,,,Fled/Escaped,false,None
20040524UTWES,52,Male,,Intimate Relationship,Suicide,true,Suicide
20040512CAEAM,20,Male,,Gang Member,Fled/Apprehended,false,None
20040507MDRAR,17,Male,Black,,Fled/Apprehended,false,None
20040507MDRAR,21,Male,Black,Student,Fled/Apprehended,false,None
20040504TXKAH,Teen,Male,,,Fled/Escaped,false,None
20040317WACRJ,13,Male,,Student,Suicide,true,Suicide
20040305CASAL,,Male,,,Fled/Escaped,false,None
20040220LAGAS,41,Male,,Intimate Relationship,Fled/Escaped,true,Suicide
20040213OHCOD,17,Male,,Student,Fled/Apprehended,false,None
20040211PATMP,22,Male,Black,No Relation,Fled/Apprehended,false,None
20040211PATMP,21,Male,Black,No Relation,Fled/Apprehended,false,None
20040209NYCOE,16,Male,White,Student,Subdued by Students/Staff/Other,false,None
20040206LAFAS,Adult,,,Police Officer/SRO,Law Enforcement,false,None
20040203TXYOH,12,Male,,Student,Surrendered,false,Wounded
20040202DCBAW,18,Male,Black,Student,Fled/Apprehended,false,None
20040121NVFAH,40,Male,Black,Intimate Relationship,Apprehended/Killed by LE,true,Fatal
20040115CAPOP,17,Male,,Student,,false,None
20031229FLABE,16,Male,,,Fled/Apprehended,false,Wounded
20031222NJCOW,23,Male,,Nonstudent Using Athletic Facilities/Attending Game,Fled/Apprehended,false,None
20031217MDOLM,,,,,Fled/Escaped,false,None
20031205ILCAC,17,Male,,Student,Fled/Apprehended,false,None
20031204OKDOO,18,Male,,Student,Fled/Apprehended,false,None
20031202ILFEC,Adult,Male,,Police Officer/SRO,Apprehended/Killed by LE,true,Fatal
20031113NCEAC,15,Male,,Student,,false,None
20031108TXHIS,21,Male,,Nonstudent Using Athletic Facilities/Attending Game,Fled/Apprehended,false,None
20031030DCANW,,Male,,,Fled/Escaped,false,None
20031029LAMAM,14,Male,,Student,Apprehended/Killed by LE,false,None
20031007OHKEA,17,Male,,Student,Fled/Apprehended,false,None
20031001CARIS,18,Male,,Police Officer/SRO,Apprehended/Killed by LE,false,Wounded
20030925NCBUL,13,Male,,Student,Apprehended/Killed by LE,false,None
20030924MNROC,16,Male,White,Student,Surrendered,false,None
20030922WALES,16,Male,White,Student,Apprehended/Killed by LE,false,None
20030917MDOKE,13,Male,,Student,Surrendered,false,None
20030917MACHB,14,Male,,Student,Fled/Apprehended,false,None
20030910MSVIV,20,Male,,No Relation,Fled/Apprehended,false,None
20030604PAROW,12,Male,,Student,Suicide,true,Suicide
20030513PAFOJ,18,Male,,Student,Suicide,true,Suicide
20030424PARER,14,Male,White,Student,Suicide,true,Suicide
20030416TXGRA,12,Female,,Student,Suicide,true,Suicide
20030414LAJON,17,Male,Black,Rival School Student,Fled/Apprehended,false,None
20030414LAJON,17,Male,Black,Rival School Student,Fled/Apprehended,false,None
20030414LAJON,18,Male,Black,Rival School Student,Fled/Apprehended,false,None
20030414LAFAS,18,Male,,Student,Fled/Apprehended,false,None
20030410CAWAW,18,Male,,Student,Suicide,true,Suicide
20030401DCCAW,15,Male,,Student,Fled/Apprehended,false,None
20030330CAROW,20,Male,,No Relation,Fled/Apprehended,false,None
20030321MSNOM,15,Male,,Student,Suicide,true,Suicide
20030318IACLG,17,Male,,Student,Attempted Suicide,false,Wounded
20030205CORAW,14,Male,,Student,Fled/Apprehended,false,None
20030130OKJEJ,17,Male,,Student,Surrendered,false,None
20030121KYWEO,12,Male,,Student,Surrendered,false,None
20021216ILENC,17,Male,,Student,Fled/Apprehended,false,None
20021212WAWIC,13,Male,,Student,Suicide,true,Suicide
20021202MIOSD,15,Male,,Student,,false,Wounded
20021115TXSCS,18,Male,,Former Student,Subdued by Students/Staff/Other,false,None
20021115CAAML,,,,,Fled/Escaped,false,None
20021107MOSTL,43,Male,,Parent,Fled/Apprehended,false,None
20021029NJLIJ,15,Male,,Student,Fled/Apprehended,false,None
20021007MDBEB,17,Male,Black,No Relation,Fled/Apprehended,false,None
20021004TXPAS,13,Female,,Student,Suicide,true,Suicide
20021004MTCMG,18,Male,White,Relative,Fled/Apprehended,false,None
20020426LAABN,38,Male,,Security Guard,Surrendered,false,None
20020406MDLEB,Adult,Male,,Police Officer/SRO,Law Enforcement,false,None
20020322CAJOC,13,Male,,Student,Surrendered,false,None
20020207ILROC,15,Male,,Student,Fled/Apprehended,false,None
20020206CAGAL,17,Male,,Student,Fled/Apprehended,false,None
20020201TXBRB,39,Male,,Other Staff,,false,None
20020124PAOLO,63,Male,,Other Staff,Surrendered,false,None
20020115NYMAN,18,Male,Hispanic,Student,Fled/Apprehended,false,None
20020111MSRAJ,18,Male,Black,Student,Surrendered,false,None
20011130TXFRF,54,Female,,Teacher,Surrendered,false,None
20011112MICAC,17,Male,,Former Student,Suicide,true,Suicide
20011026MIBES,Teen,Male,,Student,,false,None
20011026CARER,17,Male,,Student,Surrendered,false,None
20011012UTTAT,17,Male,,Student,Suicide,true,Suicide
20010921MDLAB,16,Male,,Student,Fled/Apprehended,false,None
20010912KYLAC,30,Female,White,Parent,Surrendered,false,None
20010730CABEL,,Male,,No Relation,Fled/Escaped,false,None
20010607TXOUA,Adult,,,Police Officer/SRO,Law Enforcement,false,None
20010515TXENE,16,Male,,Student,Suicide,true,Suicide
20010425OHJOC,,,,,Fled/Escaped,false,None
20010420LAMOM,14,Male,,Student,Apprehended/Killed by LE,false,None
20010410WAWAM,16,Male,,Student,Surrendered,false,None
20010402TXKLH,13,Female,,Student,Suicide,true,Suicide
20010330INLEG,17,Male,Black,Former Student,Fled/Apprehended,false,None
20010322CAGRE,18,Male,White,Student,Fled/Apprehended,true,Suicide
20010307WAKEC,16,Male,,Student,Surrendered,false,None
20010307PABIW,14,Female,White,Student,Surrendered,false,None
20010306MDLAL,14,Male,,Student,Fled/Apprehended,false,None
20010305CASAS,15,Male,White,Student,Apprehended/Killed by LE,false,None
20010302CAHOS,18,Male,,Student,Suicide,true,Suicide
20010202MIOSD,Teen,Male,,Student,Fled/Escaped,false,None
20010117MDLAB,19,Male,,,Fled/Apprehended,false,None
20010110CAHUO,17,Male,Hispanic,Nonstudent,Apprehended/Killed by LE,true,Fatal
20010103CABAS,15,Male,,Student,Fled/Apprehended,false,Wounded
20001221FLNOM,Teen,Male,,No Relation,Fled/Escaped,false,None
20001207CARIR,Teen,,,,Fled/Escaped,false,None
20001201CAJUS,15,Male,,Student,Surrendered,false,Wounded
20001201CAGRL,17,Male,,Student,Suicide,true,Suicide
20001101TXNEC,15,Male,,Student,Apprehended/Killed by LE,false,None
20001024AZPIG,14,Male,,Former Student,Surrendered,false,None
20001005MNMIM,,Male,,Nonstudent,Fled/Escaped,false,None
20000926LACAN,13,Male,Black,Student,Apprehended/Killed by LE,false,None
20000926LACAN,15,Male,Black,Student,Apprehended/Killed by LE,false,None
20000918OHMOM,14,Male,,Student,Surrendered,false,None
20000907ILLOR,19,Male,White,No Relation,Fled/Apprehended,false,None
20000905OHBIB,66,Male,,Intimate Relationship,Fled/Escaped,true,Suicide
20000726OHTIC,18,Male,,Student,Fled/Apprehended,false,None
20000717WADIR,13,Male,,Student,Fled/Apprehended,false,None
20000526FLLAL,13,Male,Black,Student,Subdued by Students/Staff/Other,false,None
20000510AZCAS,39,Male,,Intimate Relationship,Suicide,true,Suicide
20000502COTHD,16,Male,,Student,Attempted Suicide,false,Wounded
20000410AZLAT,35,Female,,Teacher,Surrendered,false,Wounded
20000406OKHUH,35,Female,,Parent,Apprehended/Killed by LE,false,None
20000323OHMCL,13,Male,,Student,Surrendered,false,None
20000310GABES,19,Male,,Nonstudent Using Athletic Facilities/Attending Game,Fled/Apprehended,false,None
20000229MIBUF,6,Male,Black,Student,,false,None
20000214ILDUC,12,Male,,Student,Fled/Escaped,false,None
20000210PAPEY,13,Male,,Student,Fled/Apprehended,false,None
20000126NESOO,Teen,Male,,Student,Fled/Escaped,false,None
20000126CAALM,13,Male,,Student,Fled/Apprehended,false,None
20000120NCERA,17,Male,,Former Student,Fled/Apprehended,false,None
20000119FLRIN,16,Male,White,Student,,false,None
20000113NMALA,Teen,Male,,Rival School Student,Fled/Apprehended,false,None
20000110AKBAA,16,Male,,Student,Fled/Escaped,false,None
19991206OKFOF,13,Male,White,Student,Subdued by Students/Staff/Other,false,None
19991119NMDED,13,Male,Hispanic,Student,Surrendered,false,None
19991117TXDID,16,Male,,Student,Fled/Apprehended,false,None
19991026WVGUB,66,Male,,Other Staff,Suicide,true,Suicide
19991026PAMAP,19,Male,,Former Student,Fled/Apprehended,false,None
19991021CASAP,Teen,Male,,,Fled/Escaped,false,None
19991011NVCLL,18,Male,Hispanic,,Fled/Apprehended,false,None
19991004SDJOP,17,Male,,Student,Fled/Apprehended,false,None
19990927FLEGT,,,,,,false,None
19990909CASAS,16,Male,,Student,Suicide,true,Suicide
19990825GAJAM,16,Female,,Student,Suicide,true,Suicide
19990520GAHEC,15,Male,White,Student,Fled/Apprehended,false,None
19990422LASCB,14,Male,,Former Student,Fled/Apprehended,false,None
19990422GAMAA,17,Male,,Student,Fled/Apprehended,false,None
19990420COCOL,17,Male,White,Student,Suicide,true,Suicide
19990420COCOL,18,Male,White,Student,Suicide,true,Suicide
19990416IDNON,16,Male,White,Student,Surrendered,false,None
19990304ILNIS,26,Male,,Nonstudent Using Athletic Facilities/Attending Game,Fled/Escaped,true,Suicide
19990211MSJEP,44,Male,,,Surrendered,false,None
19990211ILOME,,Male,,,Fled/Escaped,false,None
19990121TXRIN,16,Male,,Student,Suicide,true,Suicide
19990114NYHAN,16,Male,,,Fled/Apprehended,false,None
19990108GACEC,15,Female,,Student,Suicide,true,Suicide
19990108GACEC,17,Male,,Student,Suicide,true,Suicide
19981211INBEI,Teen,Male,,Student,,false,None
19981203INERG,36,Female,,Parent,Fled/Apprehended,false,None
19981130NYHAH,14,Female,,Student,Suicide,true,Suicide
19981103PAMAP,19,Male,,No Relation,Fled/Apprehended,false,None
19981103PAMAP,17,Male,,No Relation,Fled/Apprehended,false,None
19980930FLNOM,18,Male,,Student,Fled/Apprehended,false,None
19980930FLNOM,17,Male,,Student,Fled/Apprehended,false,None
19980930FLLEL,17,Male,,Student,Apprehended/Killed by LE,false,Wounded
19980911CAHEG,17,Male,,,Fled/Apprehended,false,None
19980615VAARR,15,Male,,Student,Fled/Apprehended,false,None
19980529FLSTF,29,Male,White,Intimate Relationship,Suicide,true,Suicide
19980527CAWAP,,Male,,,Fled/Escaped,false,None
19980521WAONO,14,Male,,Student,Suicide,true,Suicide
19980521ORTHS,15,Male,White,Student,Apprehended/Killed by LE,false,None
19980521CARIR,15,Male,Hispanic,Student,Suicide,true,Suicide
19980519TNLIF,18,Male,,Student,,false,None
19980501NYPUB,37,Male,,Police Officer/SRO,Fled/Apprehended,false,None
19980501FLNOM,Teen,Male,,,Fled/Apprehended,false,None
19980428WIPAP,15,Male,,No Relation,Fled/Apprehended,false,None
19980428CAPHP,14,Male,,No Relation,Fled/Apprehended,false,None
19980424PAPAE,14,Male,White,Student,Fled/Apprehended,false,None
19980423CACUL,,,,,Fled/Escaped,false,None
19980409IDTHA,14,Male,White,Student,Surrendered,false,None
19980331WIOAO,14,Male,,Student,Fled/Apprehended,false,None
19980330NCGRC,13,Female,,Student,Suicide,true,Suicide
19980325MICOC,18,Male,,Student,Suicide,true,Suicide
19980325CAFED,13,Male,,Student,Fled/Apprehended,false,None
19980324ARWEJ,11,Male,White,Student,Fled/Apprehended,false,None
19980324ARWEJ,13,Male,White,Student,Fled/Apprehended,false,None
19980227VAMAF,18,Male,Asian,,Fled/Apprehended,false,None
19980225MIRER,14,Male,,Student,Suicide,true,Suicide
19980212NJHOH,61,Male,,Intimate Relationship,Fled/Escaped,true,Suicide
19971215ARSTS,14,Male,White,Student,Fled/Apprehended,false,None
19971201KYHEW,14,Male,White,Student,Surrendered,false,None
19971113CACRS,39,Male,,Relative,Surrendered,false,None
19971107FLRIJ,18,Male,,Student,Fled/Apprehended,false,None
19971022CAJON,21,Male,Asian,Former Student,Suicide,true,Suicide
19971020CAMCO,,,,,Fled/Escaped,false,None
19971015FLLIP,13,Male,,Student,Fled/Apprehended,false,None
19971014TXLAG,19,Male,,Student,Suicide,true,Suicide
19971010INWAG,20,Male,,Former Student,Fled/Apprehended,false,None
19971005OKMOO,,Male,White,,Fled/Escaped,false,None
19971001MSPEP,16,Male,White,Student,Fled/Apprehended,false,None
19970624ALJEM,16,Male,Black,Student,Surrendered,false,None
19970520OHDUD,16,Male,,Student,,false,None
19970513FLNOM,17,Male,,Student,Fled/Apprehended,false,None
19970430NYCIN,,,,,Fled/Escaped,false,None
19970428CAJOL,15,Male,,Student,Fled/Apprehended,false,None
19970403CAMAM,,,,,Fled/Escaped,false,None
19970317MIPED,15,Male,,Student,Fled/Apprehended,false,None
19970221NVRAL,20,Male,Other,,Fled/Apprehended,false,None
19970220FLFIJ,17,Female,,Student,Suicide,true,Suicide
19970219AKBEB,16,Male,Native American/Alaska Native,Student,Surrendered,false,None
19970213NYSAB,Teen,Male,,Student,Fled/Escaped,false,None
19970213NYMOB,17,Male,,Student,,false,None
19970206MSWIJ,16,Male,Black,Student,Fled/Apprehended,false,None
19970127FLCOW,13,Male,Black,Student,Fled/Apprehended,false,None
19970108NYCRN,18,Male,Hispanic,Rival School Student,Fled/Apprehended,false,None
19970108NYCRN,18,Male,Hispanic,Rival School Student,Fled/Apprehended,false,None
19970108NYCRN,21,Male,Hispanic,Rival School Student,Fled/Apprehended,false,None
19961127CAHIS,,,,Police Officer/SRO,Law Enforcement,false,None
19961014MOSUS,14,Male,,Student,Fled/Apprehended,false,None
19961009ARJAS,14,Male,Black,Student,Fled/Apprehended,false,None
19961004CASTP,17,Male,,Student,Fled/Apprehended,false,None
19961002PASMP,Adult,Male,,Parent,Fled/Apprehended,false,None
19960925GADED,16,Male,Black,Student,Subdued by Students/Staff/Other,false,None
19960726CAJOL,18,Male,Hispanic,Student,Fled/Apprehended,false,None
19960604CAWEH,16,Male,,Student,Suicide,true,Suicide
19960522CACOC,14,Male,Hispanic,Former Student,Fled/Apprehended,false,None
19960514UTBIT,15,Male,White,Student,Suicide,true,Suicide
19960415DCMCW,,,,,,false,None
19960411ALTAT,16,Male,,Student,,false,None
19960319NVSWL,Teen,,,Student,,false,None
19960311NCNON,15,Male,White,Student,Suicide,true,Suicide
19960229MOBES,21,Male,Black,Hitman,Fled/Apprehended,false,None
19960222GAJES,15,Male,Black,Student,Fled/Apprehended,false,None
19960208CAMIM,16,Male,White,Student,Suicide,true,Suicide
19960202WAFRM,14,Male,White,Student,Subdued by Students/Staff/Other,false,None
19960126TNEAM,Adult,,,Nonstudent Using Athletic Facilities/Attending Game,Fled/Escaped,false,None
19960119DCWIW,18,Male,Black,,Fled/Apprehended,false,None
19960102PAGIG,16,Male,,,Suicide,true,Suicide
19951128NYTHN,,Male,,,Fled/Escaped,false,None
19951115TNRIL,17,Male,White,Student,Subdued by Students/Staff/Other,false,None
19951102FLBLM,42,Male,Asian,No Relation,Apprehended/Killed by LE,true,Fatal
19951030VAJOR,17,Male,Black,Student,Fled/Apprehended,false,None
19951023FLLAC,16,Female,,Student,Other,false,Wounded
19951012SCBLB,16,Male,Black,Student,Suicide,true,Suicide
19950929FLTAT,14,Male,White,Student,Fled/Apprehended,false,None
19950927ALBLP,19,Male,,Relative,,false,None
19950915KYGEW,Teen,Male,,Student,,false,None
19950914KSOLO,17,Male,Black,Rival School Student,Fled/Apprehended,false,None
19950912TNCYM,15,Male,Black,Student,,false,None
19950829TXMEL,12,Male,White,Student,Fled/Apprehended,false,None
19950614FLLAL,19,Male,,Former Student,Fled/Apprehended,false,None
19950327MIRED,18,Male,,Student,Fled/Apprehended,false,None
19950303MIPED,,,,,Fled/Escaped,false,None
19950208NECHS,13,Male,,Student,,false,None
19950202CAJOL,,Male,,,Fled/Escaped,false,None
19950124DCSPW,16,Male,,Rival School Student,Fled/Apprehended,false,None
19950123CASAR,13,Male,White,Student,Fled/Escaped,true,Suicide
19950112WAGAS,15,Male,Black,Student,Fled/Apprehended,false,None
19950110FLPAP,15,Male,,Student,Suicide,true,Suicide
19950105DCCAW,14,Male,Black,Student,Fled/Apprehended,false,None
19941207FLPAM,19,Male,,Former Student,Apprehended/Killed by SRO,false,None
19941115WASTT,17,Male,White,Student,Suicide,true,Suicide
19941108IAWEM,16,Male,,Student,Fled/Escaped,false,None
19941107OHWIW,37,Male,White,Former Student,,false,None
19941105CATHS,Adult,Male,,,Fled/Escaped,false,None
19941031CAALA,16,Male,,Student,Attempted Suicide,false,Wounded
19941017ILHUC,,Male,,,Fled/Escaped,false,None
19941012NCGRG,16,Male,White,Student,Suicide,true,Suicide
19940922ORLEL,15,Male,,Student,,false,None
19940919CALOL,,Male,,,Fled/Escaped,false,None
19940908NYSWA,14,Male,,Student,Fled/Apprehended,false,None
19940907CAHOL,,Male,,,Fled/Escaped,false,None
19940725IAOTO,16,Male,,Student,Fled/Apprehended,false,None
19940724PAMAM,15,Male,,Nonstudent Using Athletic Facilities/Attending Game,Fled/Apprehended,false,None
19940526KYLAU,17,Male,White,Student,Subdued by Students/Staff/Other,false,None
19940525NJLAW,17,Female,,Student,Suicide,true,Suicide
19940525INLAS,16,Male,,Student,Fled/Apprehended,false,None
19940502FLNON,18,Male,,Student,,false,None
19940421TNJTN,14,Male,Black,Student,Fled/Apprehended,false,None
19940420INDIS,14,Male,,Student,,false,None
19940419DCELW,,,,,Fled/Escaped,false,None
19940413CA49L,10,Male,White,Student,Suicide,true,Suicide
19940412MTMAB,10,Male,White,Student,Apprehended/Killed by LE,false,None
19940408MDLAU,17,Male,,Student,Fled/Apprehended,false,None
19940405TXMCA,16,Male,,Student,Surrendered,false,None
19940325GAETC,15,Male,,Student,Suicide,true,Suicide
19940323WABAS,16,Male,Hispanic,,Fled/Apprehended,false,None
19940315SCGOC,Teen,Male,,Student,Fled/Escaped,false,None
19940309DCEAW,17,Male,,Student,Fled/Apprehended,false,None
19940303ALENB,17,Male,,Student,Fled/Apprehended,false,None
19940301MOKEB,33,Male,Black,Intimate Relationship,Surrendered,false,None
19940218SCSPS,Adult,Male,,,Fled/Apprehended,false,None
19940208MIOSD,,,,,Fled/Escaped,false,None
19940131WAWHS,24,Male,White,Former Student,Fled/Apprehended,false,None
19940127CAWAS,Adult,Male,,No Relation,Fled/Apprehended,false,None
19940126DCPAW,Teen,Male,,,Fled/Apprehended,false,None
19940126DCELW,,,,,Fled/Escaped,false,None
19940124SCEAC,18,Male,Black,Student,Fled/Apprehended,false,None
19940121TXKEK,17,Male,,Student,Suicide,true,Suicide
19940120CALOH,Teen,Male,,Student,Fled/Escaped,false,None
19931217MICHC,Teen,Male,,Teacher,Surrendered,false,None
19931215CACHS,14,Male,,Student,Fled/Apprehended,false,None
19931208GABES,16,Male,,Nonstudent,Fled/Apprehended,false,None
19931202CTNEN,,Male,,,Fled/Escaped,false,None
19931201WIWAW,21,Male,White,Former Student,Fled/Apprehended,false,None
19931111ILRIS,,,,,Fled/Escaped,false,None
19931104MSBAB,,,,,Fled/Escaped,false,None
19931104FLTEJ,19,Male,,Student,Fled/Apprehended,false,None
19931104CTNEN,20,Male,Hispanic,,Fled/Apprehended,false,None
19931101ILSUC,16,Male,,Student,Fled/Apprehended,false,None
19931018DCJHW,15,Male,,Student,Fled/Apprehended,false,None
19931012DEDON,16,Female,,Student,Suicide,true,Suicide
19930928MSCOG,16,Male,,Student,Fled/Apprehended,false,None
19930925DCWEW,23,Male,,Nonstudent Using Athletic Facilities/Attending Game,Fled/Apprehended,false,None
19930925DCWEW,15,Male,,Nonstudent Using Athletic Facilities/Attending Game,Fled/Apprehended,false,None
19930917WYCES,29,Male,White,No Relation,Suicide,true,Suicide
19930917ILDOD,16,Male,White,Other Student,Fled/Apprehended,false,None
19930916ILROC,,Male,,,Fled/Escaped,false,None
19930912ALFAF,,,,Nonstudent Using Athletic Facilities/Attending Game,Fled/Escaped,false,None
19930902TXROD,16,Male,,Student,Fled/Apprehended,false,None
19930901KSJUJ,15,Male,,Student,Fled/Apprehended,false,None
19930831GAHAA,15,Male,Black,Student,,false,None
19930803NYTHN,,Male,,,Fled/Escaped,false,None
19930707CADOL,Teen,Male,,Student,Fled/Escaped,false,None
19930527LAFRN,17,Male,Black,Student,Fled/Apprehended,false,None
19930524PAUPP,15,Male,White,Student,Surrendered,false,None
19930514TXNII,17,Male,Hispanic,Student,Fled/Apprehended,false,None
19930416WAMOT,33,Female,,No Relation,Suicide,true,Suicide
19930416CAGRS,,,,,Fled/Escaped,false,None
19930415MAFOA,42,Male,White,No Relation,Subdued by Students/Staff/Other,false,None
19930403CAGRS,,Male,,,Fled/Escaped,false,None
19930325MOSUS,17,Female,,Student,,false,None
19930318GAHAH,15,Male,,Student,Apprehended/Killed by LE,false,None
19930308VADOD,32,Male,Black,No Relation,Fled/Apprehended,false,None
19930226MAGLG,15,Male,,Student,Suicide,true,Suicide
19930222CAREL,15,Male,Black,Student,Fled/Apprehended,false,None
19930208MNMIM,14,Male,,Student,Suicide,true,Suicide
19930208DCWAW,,Male,,,Fled/Escaped,false,None
19930204GACLA,17,Male,,Nonstudent,Surrendered,false,None
19930203SCLEL,22,Male,,Student,Fled/Apprehended,false,None
19930203SCGAC,,,,,Fled/Escaped,false,None
19930201WARER,14,Male,,Student,Suicide,true,Suicide
19930201NYAMA,17,Male,,Student,Fled/Apprehended,false,None
19930121CAFAL,Teen,Male,,Student,Surrendered,false,None
19930118KYEAG,17,Male,White,Student,Surrendered,false,None
19930112FLNOM,Teen,Male,,Student,Fled/Escaped,false,None
19930108PACRM,,Male,,,Fled/Escaped,false,None
19930105NYBRB,Teen,Male,,Rival School Student,Fled/Escaped,false,None
19930105NYBRB,Teen,Male,,Rival School Student,Fled/Escaped,false,None
19921214NYWAW,15,Male,,Student,Surrendered,false,None
19921203ILWOC,23,Male,,Nonstudent Using Athletic Facilities/Attending Game,Fled/Apprehended,false,None
19921203ILWOC,Adult,Male,,Nonstudent Using Athletic Facilities/Attending Game,Fled/Apprehended,false,None
19921202PASOS,Teen,Male,,Student,Fled/Apprehended,false,None
19921130ILORC,17,Male,,Student,Fled/Apprehended,false,None
19921124ALROM,18,,,Student,,false,None
19921120ILTIC,15,Male,,Student,Fled/Apprehended,false,None
19921116ALFAB,Teen,Male,,Student,Fled/Escaped,false,None
19921113TXLAC,39,Male,,Intimate Relationship,Suicide,true,Suicide
19921110ILSHC,13,Male,,Student,Suicide,true,Suicide
19921104MIMUD,14,Male,,No Relation,Fled/Apprehended,false,None
19921104MIMUD,14,Female,,No Relation,Fled/Apprehended,false,None
19921104MIMUD,13,Female,,No Relation,Fled/Apprehended,false,None
19921104MIMAD,,,,,Fled/Escaped,false,None
19921104MIFID,Minor,Male,Black,Student,Fled/Apprehended,false,None
19921104MIFID,18,Male,Black,Student,Fled/Apprehended,false,None
19921104MIFID,18,Male,Black,Student,Fled/Apprehended,false,None
19921019NYEVB,,Male,Black,Student,Fled/Escaped,false,None
19921013AZDET,20,Male,White,No Relation,Fled/Apprehended,false,None
19920930TXHOH,15,Male,White,Student,Fled/Apprehended,false,None
19920930CAPAL,Teen,Male,,Gang Member,Fled/Escaped,false,None
19920928CAHIS,18,Male,Asian,Student,Fled/Apprehended,false,None
19920928CAHIS,19,Male,Asian,Student,Fled/Apprehended,false,None
19920928CAHIS,20,Male,Asian,Student,Fled/Apprehended,false,None
19920911TXPAA,17,Male,,Student,Fled/Apprehended,false,None
19920606CAMEM,17,Male,Asian,Student,Fled/Escaped,false,None
19920530DCARW,,Male,,,Fled/Escaped,false,None
19920529CAVEL,,,,,Fled/Escaped,false,None
19920514TXHUH,14,Male,White,Student,Surrendered,false,None
19920514CASIN,14,Male,,Student,Surrendered,false,None
19920501CALIO,20,Male,White,Former Student,Surrendered,false,None
19920417TXLID,,,,,Surrendered,false,None
19920409FLFOF,16,Male,Black,Student,Fled/Apprehended,false,None
19920331LAOPA,15,Male,,Student,Surrendered,false,None
19920305OHHAO,12,Male,White,Student,Fled/Apprehended,false,None
19920226NYTHB,15,Male,Black,Student,Fled/Apprehended,false,None
19920224MDROB,14,Male,Black,Student,Fled/Apprehended,false,None
19920207VABON,,Male,,No Relation,Fled/Escaped,false,None
19920206OKDOO,14,Male,,Student,,false,None
19920131LAFRG,Teen,Male,,Student,Fled/Escaped,false,None
19920128LAFRG,Teen,Male,,Student,Fled/Escaped,false,None
19920117SCGRG,16,Male,,Student,Fled/Apprehended,false,None
19911226NCWHW,18,Male,,Nonstudent Using Athletic Facilities/Attending Game,Fled/Apprehended,false,None
19911125NYTHB,14,Male,Black,Student,Fled/Apprehended,false,None
19911114TXMIH,16,Male,,Student,Apprehended/Killed by SRO,false,None
19911111TXYSE,19,Male,,Former Student,Fled/Apprehended,false,None
19911111TXYSE,17,Male,,Former Student,Fled/Apprehended,false,None
19911111TXYSE,18,Male,,Former Student,Fled/Apprehended,false,None
19911111TXYSE,17,Male,,Former Student,Fled/Apprehended,false,None
19911106LAWAN,18,Male,Black,Student,Fled/Escaped,false,None
19911023TXOAD,18,Male,,Relative,Fled/Apprehended,false,None
19911015TXGEP,13,Male,,No Relation,,false,None
19911015SCWOW,15,Male,,Student,Fled/Apprehended,false,None
19911015NHMOS,16,Male,,Former Student,Apprehended/Killed by LE,false,None
19911011MAMAR,18,Male,Black,,Fled/Escaped,false,None
19911009NYJAB,,Male,,,Fled/Escaped,false,None
19911004CAROL,,,,Nonstudent Using Athletic Facilities/Attending Game,Fled/Escaped,false,None
19911004CADOL,,,,,Fled/Escaped,false,None
19911002TXSPH,16,Male,,Student,Fled/Escaped,false,None
19910918TXCRC,15,Female,Black,Student,,false,None
19910917ILWOC,14,Male,Black,Student,Fled/Apprehended,false,None
19910913TXMAH,,,,Nonstudent Using Athletic Facilities/Attending Game,Fled/Escaped,false,None
19910730CAENC,,Male,,Student,Fled/Escaped,false,None
19910722CAWEL,,Male,,,Fled/Escaped,false,None
19910521FLSCP,18,Male,,Student,Subdued by Students/Staff/Other,false,None
19910521CAROS,20,Male,Hispanic,No Relation,Fled/Escaped,false,None
19910516KSCOK,13,Male,,Student,Fled/Apprehended,false,None
19910510OHFRC,15,Male,,Student,Fled/Apprehended,false,None
19910423MSHUB,16,Male,,Student,Surrendered,false,None
19910423CARAC,14,Male,,,Fled/Apprehended,false,None
19910423CARAC,17,Male,,,Fled/Apprehended,false,None
19910411SCNOR,18,Male,White,Student,Suicide,true,Suicide
19910325NCGAC,20,Male,,Former Student,Fled/Apprehended,false,None
19910314SCWOP,18,Male,Black,Former Student,Fled/Apprehended,false,None
19910314SCWOP,,Male,Black,Former Student,Fled/Apprehended,false,None
19910313ALSES,15,Male,,Student,Fled/Apprehended,false,None
19910219LABON,20,Male,Black,No Relation,Fled/Apprehended,false,None
19910117TXHOD,,,,,Fled/Escaped,false,None
19910117TXHOD,,,,,Fled/Escaped,false,None
19910108TXRIR,15,Male,White,Student,Suicide,true,Suicide
19901213LASAS,,,,,Fled/Escaped,false,None
19901110TXJUD,,,,Nonstudent Using Athletic Facilities/Attending Game,Fled/Escaped,false,None
19901030TXNAG,32,Female,Hispanic,Parent,Apprehended/Killed by LE,false,None
19901029INCHC,18,Male,White,Student,Apprehended/Killed by LE,false,None
19901002TXWHD,Adult,Female,Hispanic,No Relation,Fled/Escaped,false,None
19900922ALLEB,,Male,,,Fled/Escaped,false,None
19900911TXSAS,,Male,Black,Student,Fled/Apprehended,false,None
19900906GASOC,16,Male,,Student,Surrendered,false,None
19900827TXWHD,,Male,,,Fled/Escaped,false,None
19900827NVELL,15,Male,,Student,,false,None
19900824NCMYC,,,,,Fled/Escaped,false,None
19900531TXSUF,16,Male,White,No Relation,Fled/Apprehended,false,None
19900520TNHIC,50,Male,,Teacher,Fled/Apprehended,false,None
19900504CAMOE,17,Male,Asian,Student,Fled/Apprehended,false,None
19900403TXSKD,18,Male,,Student,Fled/Escaped,false,None
19900327NYNEB,Teen,Male,White,Student,Fled/Escaped,false,None
19900220OHTAC,17,Male,,Student,Fled/Apprehended,false,None
19900116RICEP,17,Male,Asian,Student,Fled/Apprehended,false,None
19891212SCCHC,21,Male,,Former Student,Fled/Apprehended,false,None
19891205TXWWD,18,Male,Hispanic,,Fled/Apprehended,false,None
19891205PASEM,16,Male,White,Student,Suicide,true,Suicide
19891204LACAS,Teen,Male,,Student,,false,None
19891122CACHO,19,Male,Hispanic,,Fled/Apprehended,false,None
19891115TXWOA,13,Male,,Student,Fled/Apprehended,false,None
19891113NYALN,15,Male,,Student,,false,None
19891031TXOLD,14,Male,,Student,Surrendered,false,None
19891027CABAB,,,,Gang Member,Fled/Escaped,false,None
19891027CABAB,,,,Gang Member,Fled/Escaped,false,None
19891005CALOA,15,Male,,Student,Surrendered,false,None
19890918KYJAM,17,Male,,Student,Surrendered,false,None
19890911AZDYE,,Male,,Student,Fled/Escaped,false,None
19890901VASAV,19,Male,,Nonstudent Using Athletic Facilities/Attending Game,Fled/Apprehended,false,None
19890901VASAV,18,Male,,Student,Fled/Apprehended,false,None
19890426TXAMD,18,Male,,Nonstudent,Fled/Apprehended,false,None
19890303INWIG,16,Male,,Student,Fled/Apprehended,false,None
19890210UTTHK,12,Male,,Student,Fled/Apprehended,false,None
19890209IDRIR,14,Male,,Student,Apprehended/Killed by LE,false,None
19890126DCWOW,16,Male,,Student,Fled/Apprehended,false,None
19890126DCWOW,18,Male,,Student,Fled/Apprehended,false,None
19890117CACLS,24,Male,White,Former Student,Suicide,true,Suicide
19890105ARHEL,19,Male,,,,false,None
19881216VAATV,16,Male,Black,Student,Subdued by Students/Staff/Other,false,None
19881122TXABA,16,Male,White,Student,Fled/Apprehended,false,None
19881107UTGLS,14,Male,,Student,Apprehended/Killed by LE,false,None
19881101FLPAJ,15,Male,,Student,Fled/Apprehended,false,None
19881007TXDIP,10,Male,,Student,Fled/Apprehended,false,None
19881007MDSOB,17,Male,,Student,Fled/Apprehended,false,None
19881006ALMOM,29,Female,,Relative,Fled/Apprehended,false,None
19881005MDEDB,17,Male,,Student,,false,None
19881004LAISB,33,Female,,Teacher,,false,None
19881004FLJEJ,,,,,Fled/Escaped,false,None
19881003FLMAM,,,,,Fled/Escaped,false,None
19880926SCOAG,19,Male,White,Former Student,Apprehended/Killed by LE,false,None
19880922ILMOC,40,Male,Black,No Relation,Apprehended/Killed by LE,true,Fatal
19880903TXLID,Teen,Male,,No Relation,Fled/Escaped,false,None
19880903TXLID,Teen,Male,,No Relation,Fled/Escaped,false,None
19880903TXLID,Teen,Male,,No Relation,Fled/Escaped,false,None
19880903TXLID,Teen,Male,,No Relation,Fled/Escaped,false,None
19880902NCGAC,16,Male,,Student,Fled/Apprehended,false,None
19880902GAGLA,,,,Nonstudent Using Athletic Facilities/Attending Game,Fled/Escaped,false,None
19880831SCWEA,20,Male,,No Relation,Fled/Apprehended,false,None
19880831MICED,16,Male,,Former Student,Fled/Apprehended,false,None
19880831MICED,17,Male,,Former Student,Fled/Apprehended,false,None
19880711MSLAJ,17,Male,,Student,Fled/Apprehended,false,None
19880710WISIM,28,Male,,Nonstudent Using Athletic Facilities/Attending Game,Fled/Escaped,false,None
19880630HIAIO,18,Male,Hawaiian/Pacific Islander,Student,Fled/Apprehended,false,None
19880617MIJOD,14,Male,,Student,Fled/Apprehended,false,None
19880602MSWIJ,Adult,Male,,Former Student,Fled/Apprehended,false,None
19880602MSWIJ,Adult,Male,,Former Student,Fled/Apprehended,false,None
19880602MSWIJ,Adult,Male,,Former Student,Fled/Apprehended,false,None
19880531NYPUB,Adult,Male,,No Relation,Fled/Escaped,false,None
19880520ILHUW,30,Female,White,Nonstudent,Fled/Apprehended,true,Suicide
19880516FLFOF,14,Male,,Student,Fled/Apprehended,false,None
19880505ILMAC,16,Male,,Student,Surrendered,false,None
19880324TXTRA,16,Male,,Student,Fled/Apprehended,false,None
19880323CACAS,,,,,Fled/Escaped,false,None
19880304MILED,13,Female,,Student,,false,None
19880226RIBRB,15,Male,,Student,Fled/Apprehended,false,None
19880211FLPIL,15,Male,White,Student,Fled/Apprehended,false,None
19880211FLPIL,15,Male,White,Student,Fled/Apprehended,false,None
19880202ALWET,42,Male,,No Relation,Surrendered,false,None
19880202ALWET,42,Male,,No Relation,Surrendered,false,None
19880129TXREA,18,Male,,Student,Fled/Apprehended,false,None
19880120LASIR,18,Male,,Student,,false,None
19880108PACRM,15,Male,,Student,Attempted Suicide,false,None
19880106FLGAT,17,Female,,Student,Attempted Suicide,false,Wounded
19880105PASPS,20,Male,,Nonstudent Using Athletic Facilities/Attending Game,Fled/Apprehended,false,None
19871216TXMAK,15,Male,Other,Student,Suicide,true,Suicide
19871215NYGRB,15,Male,,Student,Fled/Apprehended,false,None
19871204NYEAN,17,Male,,Student,Fled/Apprehended,false,None
19871202FLENJ,16,Male,,Student,Surrendered,false,None
19871130TXPES,51,Male,,Intimate Relationship,Suicide,true,Suicide
19871114FLCLC,18,Male,,Student,Suicide,true,Suicide
19871104MISOD,,Male,,No Relation,Fled/Escaped,false,None
19871031SCANA,,Male,,,Fled/Escaped,false,None
19871030NCSOK,15,Male,,Relative,Fled/Apprehended,false,None
19871014ILDUC,16,Male,,Student,Fled/Apprehended,false,None
19870928ILILL,16,Male,,Student,Fled/Apprehended,false,None
19870513ILOAO,17,Male,,Student,Attempted Suicide,false,Wounded
19870506FLLET,15,Male,White,Student,Suicide,true,Suicide
19870506ARMAJ,15,Male,,Student,Attempted Suicide,false,Wounded
19870503INPII,17,Male,Black,,Fled/Apprehended,false,None
19870430ORGRP,16,Male,,Student,Fled/Apprehended,false,None
19870416MIMUD,14,Male,,Student,Fled/Apprehended,false,None
19870330CAPAS,44,Female,,No Relation,Suicide,true,Suicide
19870306TXRIE,19,Male,,No Relation,Fled/Apprehended,false,None
19870306TXRIE,Adult,Male,,No Relation,Fled/Apprehended,false,None
19870302MODED,12,Male,White,Student,Suicide,true,Suicide
19870224NYMON,Adult,Male,,No Relation,Fled/Escaped,false,None
19870224NYMON,Adult,Male,,No Relation,Fled/Escaped,false,None
19870213AZORM,17,Male,White,Student,Fled/Apprehended,false,None
19870210ARDAD,17,Male,,Student,Suicide,true,Suicide
19870123MIRED,15,Male,,Student,Fled/Apprehended,false,None
19870114CALOL,18,Male,,Student,Attempted Suicide,false,Wounded
19861204MTFEL,14,Male,,Student,Fled/Apprehended,false,None
19861008TXSOD,19,Male,,Student,Fled/Apprehended,false,None
19861003CAMOM,19,Male,,Nonstudent Using Athletic Facilities/Attending Game,Fled/Apprehended,false,None
19861003CAMOM,18,Male,,Nonstudent Using Athletic Facilities/Attending Game,Fled/Apprehended,false,None
19861003CAMOM,17,Male,,Nonstudent Using Athletic Facilities/Attending Game,Fled/Apprehended,false,None
19860918CABEB,18,Male,,Student,Surrendered,false,None
19860912CAFAL,16,Male,,Student,Fled/Apprehended,false,None
19860517TNMAN,16,Male,,Student,Fled/Apprehended,false,None
19860516WYCOC,43,Male,White,No Relation,Suicide,true,Suicide
19860516WYCOC,47,Female,White,No Relation,Apprehended/Killed by LE,false,Wounded
19860515GACAA,Teen,,,Student,Surrendered,false,None
19860509NCPIF,17,Male,,Student,Apprehended/Killed by LE,false,None
19860506PAMOK,16,Male,,Student,Surrendered,false,None
19860429MOSES,16,Male,,Student,Surrendered,false,None
19860423FLCHM,17,Male,,Student,Surrendered,false,None
19860306ILTHD,14,Male,,Student,Surrendered,false,None
19860224LABOS,13,Male,,Student,Suicide,true,Suicide
19860129MDLAB,14,Male,,Student,Fled/Apprehended,false,None
19860117CAVAL,14,Male,,Student,Fled/Apprehended,false,None
19860109NCNOD,17,Male,,Student,Fled/Apprehended,false,None
19851210CTPOP,13,Male,,Student,Surrendered,false,None
19851209PAARP,22,Male,,No Relation,Subdued by Students/Staff/Other,false,None
19851203NHCOC,16,Male,White,Former Student,Apprehended/Killed by LE,true,Fatal
19851127ALCHB,16,Male,,Student,Suicide,true,Suicide
19851126WASPS,14,Female,,Student,Suicide,true,Suicide
19851022OHSOG,Adult,,,Police Officer/SRO,Law Enforcement,false,None
19851018MIMUD,,,,,Fled/Escaped,false,None
19851008MDLAB,18,Male,,Student,Fled/Apprehended,false,None
19851008MDLAB,22,Male,,Relative,Fled/Apprehended,false,None
19851008MDLAB,19,Male,,Former Student,Fled/Apprehended,false,None
19850925OHTRT,16,Male,,Student,Fled/Apprehended,false,None
19850920TXLAC,16,Male,,Student,,false,None
19850909TXWHH,18,Male,,No Relation,Fled/Apprehended,false,None
19850904VAEAR,12,Male,,Student,Fled/Apprehended,false,None
19850724TXHIH,65,Female,,No Relation,Surrendered,false,None
19850521ALALS,17,Male,,Former Student,Fled/Apprehended,false,None
19850516FLPAB,15,Female,,Student,Attempted Suicide,false,Wounded
19850418TNSOS,18,Male,,Student,Apprehended/Killed by LE,false,None
19850416TXMAA,31,Male,,Police Officer/SRO,Surrendered,false,None
19850205CTAIH,18,Male,,Intimate Relationship,Fled/Escaped,false,None
19850126MASTB,16,Male,,Student,Fled/Apprehended,false,None
19850121KSGOG,14,Male,White,Student,Fled/Apprehended,false,None
19850118TXARA,17,Male,White,Student,Suicide,true,Suicide
19841207MOEDS,17,Male,White,Student,Surrendered,false,None
19841126MDMIR,16,Male,,,Fled/Apprehended,false,None
19841109CTWIN,16,Male,,Student,Fled/Apprehended,false,None
19841031LAEAG,16,Male,White,Student,,false,None
19841030SCPEP,21,Male,,Intimate Relationship,Apprehended/Killed by LE,false,None
19841024OHWEC,45,Female,White,Parent,Fled/Apprehended,false,None
19841024MISOD,17,Male,,Student,Surrendered,false,None
19841022MICED,16,Male,Black,Student,Fled/Apprehended,false,None
19841021PAWYE,,Male,,,,false,None
19840928TXRIN,21,Male,White,Former Student,Surrendered,false,None
19840928TXMIH,,,,,Fled/Escaped,false,None
19840831LABOS,,Male,,Gang Member,Fled/Escaped,false,None
19840710MIMUD,Adult,Male,,No Relation,Fled/Escaped,false,None
19840522OHCLC,18,Male,,Student,Surrendered,false,None
19840518CANON,17,Male,,Student,Subdued by Students/Staff/Other,false,None
19840517TXBOH,18,Male,,Student,Suicide,true,Suicide
19840517IASOP,17,Male,,Student,Suicide,true,Suicide
19840515MTCMG,18,Male,,Student,Attempted Suicide,false,Wounded
19840426NCROW,11,Male,,Student,Attempted Suicide,false,Wounded
19840420MIPRD,13,,,Student,,false,None
19840405LACLC,17,Male,Black,Student,,false,None
19840224CA49L,28,Male,Black,Former Student,Suicide,true,Suicide
19840221TXSHH,16,Male,,Student,Surrendered,false,None
19840206KYCEL,16,Male,,Student,Fled/Apprehended,false,None
19840105MDLAB,,Male,,,Fled/Escaped,false,None
19831216ILBOR,15,Male,,Student,Fled/Apprehended,false,None
19831202INCRC,17,Male,,Student,Fled/Apprehended,false,None
19831118MDHAB,17,Male,Black,Student,Fled/Apprehended,false,None
19831117ILJAC,14,Male,,Gang Member,Fled/Apprehended,false,None
19831108MIHIH,15,Male,,Student,Surrendered,false,None
19831022MDCAB,18,Male,,,Fled/Apprehended,false,None
19831007CACOL,17,Male,,Student,Fled/Apprehended,false,None
19830930TXTET,20,Male,,Former Student,Fled/Apprehended,false,None
19830921MDWAB,18,Male,,Student,Surrendered,false,Wounded
19830912MIHED,16,Male,Black,Student,Fled/Escaped,false,None
19830912CAMAC,Teen,Male,,Student,Fled/Apprehended,false,None
19830912CAMAC,Teen,Male,,Student,Fled/Apprehended,false,None
19830526PAGRJ,17,Male,,Student,Suicide,true,Suicide
19830523OHMAM,15,Male,,Student,Fled/Apprehended,false,None
19830518FLNOM,22,Male,Black,No Relation,Fled/Apprehended,false,None
19830516TXLAD,41,Male,,No Relation,Fled/Apprehended,false,None
19830516NYBRN,24,Male,,Former Teacher,Suicide,true,Suicide
19830421MOBES,Adult,Male,,,Fled/Escaped,false,None
19830331ILSAC,11,Male,,Student,Surrendered,false,None
19830202NMALA,,Male,,,Fled/Escaped,false,None
19830201TNRIM,16,Male,,Student,Surrendered,false,Wounded
19830131FLDED,16,Female,,Student,Attempted Suicide,false,Wounded
19830130TXWEC,,Male,,,Fled/Apprehended,false,None
19830128MDWIB,14,Male,,Student,Surrendered,false,Wounded
19830120MOPAB,14,Male,White,Student,Suicide,true,Suicide
19830118TXJOH,21,Male,,Student,Suicide,true,Suicide
19821220MIFID,Adult,Male,,,Fled/Escaped,false,None
19821206ALHUH,17,Male,,Student,Suicide,true,Suicide
19821112MSWIJ,20,Male,,Intimate Relationship,Suicide,true,Suicide
19821108MICOD,15,Male,,Student,Surrendered,false,None
19821101NYELE,16,Male,,Student,Fled/Escaped,false,None
19820915ARSOP,12,Male,,Student,Attempted Suicide,false,Wounded
19820910VALAB,18,Male,,Former Student,Surrendered,false,None
19820527NVGAL,Teen,Male,,,Fled/Escaped,false,None
19820527NVGAL,Teen,Male,,,Fled/Escaped,false,None
19820527NVGAL,Teen,Male,,,Fled/Escaped,false,None
19820430FLANA,19,Male,,Student,Fled/Apprehended,false,None
19820429GARUE,16,Male,White,Student,Surrendered,false,Wounded
19820415MDFOB,Teen,Male,,,Fled/Apprehended,false,None
19820407CODEL,14,Male,White,Student,,false,None
19820319NVVAL,17,Male,Black,Student,Fled/Apprehended,false,None
19820317OHLOL,17,Male,,Student,Attempted Suicide,false,Wounded
19820315ORSPS,14,Male,,Student,Suicide,true,Suicide
19820209LAJON,16,Male,,Former Student,Fled/Apprehended,false,Wounded
19820209LAJON,15,Male,,Former Student,Fled/Apprehended,false,Wounded
19820208MADOD,19,Male,Black,Student,Fled/Apprehended,false,None
19820205TNHAM,,Male,,,Fled/Escaped,false,None
19811223NYJAB,Teen,Male,,Student,Fled/Escaped,false,None
19811216TXUNH,17,Male,,Student,Fled/Apprehended,false,None
19811209NYGEB,,Male,,,Fled/Escaped,false,None
19811013CTHAH,16,Male,,Student,Fled/Apprehended,false,None
19810913MDABA,Adult,,,Police Officer/SRO,Law Enforcement,false,None
19810908FLSTW,12,Male,,Student,Fled/Apprehended,false,Wounded
19810904NMHOS,16,Male,,Student,Fled/Apprehended,false,None
19810901PAWIP,,Male,,,Fled/Escaped,false,None
19810515LANEN,42,Male,,Other Staff,Surrendered,false,None
19810407MSPOP,,,,,Fled/Escaped,false,None
19810402OHALC,14,Male,,Student,Fled/Apprehended,false,None
19810328FLDIF,18,Male,,Student,Fled/Apprehended,false,None
19810303INMAI,15,Male,,Student,Fled/Apprehended,false,None
19810210CAMAL,19,Male,,,Fled/Apprehended,false,None
19810210ARLIL,16,Male,,Student,Fled/Apprehended,false,None
19810122MDFRB,17,Male,,Student,Fled/Apprehended,false,None
19810121OHWIB,14,Male,White,Student,Fled/Apprehended,false,None
19801212OHLOL,14,Male,,Student,Surrendered,false,None
19801212ALPAB,15,Male,,No Relation,Fled/Apprehended,false,None
19801117TXEAF,16,Male,,Student,Subdued by Students/Staff/Other,false,None
19801031ALHUH,17,Male,,Student,Suicide,true,Suicide
19801013ALCET,17,Male,,Student,Fled/Apprehended,false,None
19800926CTBRB,19,Male,,Former Student,Fled/Escaped,false,None
19800911ALJOM,29,Female,,Teacher,Surrendered,false,None
19800910DCSPW,18,Male,,Student,Surrendered,false,None
19800908FLFOJ,Teen,Male,,Student,Fled/Apprehended,false,None
19800902CAWHL,18,Male,White,No Relation,Fled/Apprehended,false,None
19800530NYCLB,15,Male,,Student,Fled/Apprehended,false,Wounded
19800417VACAC,53,Male,,Intimate Relationship,Surrendered,false,None
19800331MDFRB,16,Male,Black,Former Student,Fled/Apprehended,false,None
19800320TXJLD,30,Male,,,Fled/Apprehended,false,None
19800215MSHUM,32,Male,,Intimate Relationship,Fled/Apprehended,false,None
19800211INARI,17,Male,,Student,Fled/Apprehended,false,None
19800211INARI,19,Male,,Student,Fled/Apprehended,false,None
19800207TXVAL,9,Male,,Student,Surrendered,false,None
19800201DCLAW,9,Male,,Student,Surrendered,false,None
19800129VALAW,17,Male,,Student,Attempted Suicide,false,Wounded
19800107ARSTS,16,Male,White,Student,Surrendered,false,None
19791221MOBLS,14,Male,,Student,Fled/Apprehended,false,None
19791203MDEAB,Teen,Male,,Student,Fled/Escaped,false,None
19791203MDEAB,Teen,Male,,Student,Fled/Escaped,false,None
19791203MDEAB,Teen,Male,,Student,Fled/Escaped,false,None
19791203MDEAB,Teen,Male,,Student,Fled/Escaped,false,None
19791130TXUNL,14,Male,,Student,Surrendered,false,None
19791105INWAI,18,Male,,Student,Fled/Apprehended,false,None
19791023MOOFS,16,Male,,Student,Fled/Apprehended,false,None
19790928MACHC,Teen,Male,White,,Fled/Escaped,false,None
19790928MACHC,Teen,Male,White,,Fled/Escaped,false,None
20000926LACAN,13,Male,,Student,Surrendered,false,Wounded
20000926LACAN,15,Male,,Student,Surrendered,false,Wounded
19790614OHNEN,13,Male,,,Fled/Apprehended,false,None
19790426TXAZA,14,Male,,Student,Fled/Apprehended,false,None
19790425PAMAH,,,,,,false,None
19790416WIWIM,28,Male,,Other Staff,Surrendered,false,None
19790328CALOL,19,Male,,,Fled/Apprehended,false,None
19790314FLMCM,Teen,Male,Black,,Fled/Apprehended,false,None
19790226CABAB,18,Male,White,Student,Fled/Apprehended,false,None
19790129CAGRS,16,Female,White,No Relation,Apprehended/Killed by LE,false,None
19781214CTWIN,17,Male,,No Relation,Apprehended/Killed by LE,false,None
19781129NYPAN,15,Male,,Student,Fled/Apprehended,false,None
19781017MOUNU,Teen,Male,White,Former Student,Fled/Escaped,false,None
19781017ALLAL,13,Male,White,Student,Fled/Apprehended,false,None
19780610MAWEW,17,Male,,Student,Attempted Suicide,false,Wounded
19780607DEDOD,17,Male,,Student,,false,None
19780519PADOP,,,,,Fled/Escaped,false,None
19780518TXMUA,13,Male,White,Student,Fled/Apprehended,false,None
19780428ILRIN,Teen,Male,,Student,,false,None
19780426TXPAD,56,Female,,Relative,Surrendered,false,None
19780414MIFOD,16,Male,,Student,,false,None
19780329TNGAN,Adult,Male,Black,Other Staff,Surrendered,false,None
19780309CAMOS,14,Male,,No Relation,Surrendered,false,None
19780222MIEVL,15,Male,White,Student,Surrendered,false,None
19780209WVHAS,15,Male,White,Student,Fled/Apprehended,false,None
19780111KYCHH,16,Male,,Student,Subdued by Students/Staff/Other,false,None
19771215MABLC,,Male,,,Fled/Escaped,false,None
19771212FLWEW,41,Male,,Other Staff,Surrendered,false,None
19771209CAPES,40,Male,,Intimate Relationship,Subdued by Students/Staff/Other,false,None
19771129MOVAS,18,Male,,Student,,false,None
19771129MOHAS,19,Male,,Former Student,Apprehended/Killed by LE,false,None
19770711COSOC,15,,,Student,Fled/Escaped,false,None
19770622ILHOC,Teen,,,,Fled/Escaped,false,None
19770517FLSTC,22,Male,,No Relation,Fled/Apprehended,false,None
19770418TNPIN,46,Male,,,Fled/Apprehended,false,None
19770407TXWHW,17,Male,,Student,,false,None
19770321NYPAH,18,Male,,Other Staff,Apprehended/Killed by LE,false,None
19770308ILCOE,16,Male,,Student,Fled/Apprehended,false,None
19770228TXHOA,15,Male,,Student,,false,None
19770228MOROS,19,Male,,Student,,false,None
19770209ILFEC,14,Male,,Student,Fled/Apprehended,false,None
19770113ILOLB,15,Male,,Student,Subdued by Students/Staff/Other,false,None
19761210MOFRS,11,Male,,Student,Surrendered,false,None
19761110MIBUD,46,Male,,Intimate Relationship,Fled/Apprehended,false,None
19760920NCGUG,38,Male,,No Relation,Suicide,true,Suicide
19760602MDMTC,,,,,Fled/Escaped,false,None
19760514FLPAW,17,Male,,Former Student,Apprehended/Killed by LE,false,None
19760513MOMAS,15,Male,,Student,Subdued by Students/Staff/Other,false,None
19760412TXODF,15,Male,,Student,Fled/Apprehended,false,None
19760212MIMUD,Teen,Male,,Other Student,Fled/Escaped,false,None
19760212MIMUD,Teen,Male,,Other Student,Fled/Escaped,false,None
19760212MIMUD,Teen,Male,,Other Student,Fled/Escaped,false,None
19760212MIMUD,Teen,Male,,Other Student,Fled/Escaped,false,None
19760212MIMUD,Teen,Male,,Other Student,Fled/Escaped,false,None
19760212MIMUD,Teen,Male,,Other Student,Fled/Escaped,false,None
19760206FLESP,,,,,Fled/Escaped,false,None
19760123OHCOC,17,Male,,Student,Fled/Apprehended,false,None
19760101AZCAP,,,,,Fled/Escaped,false,None
19751218CAORS,16,Male,,Student,Fled/Escaped,false,None
19751024GAMUA,15,Male,,Student,Fled/Apprehended,false,None
19751001NMHEA,35,Male,,,Surrendered,false,None
19750911OKGRO,15,Male,White,Student,,false,None
19750711MOCES,18,Male,,Student,Fled/Apprehended,false,None
19750709ILDEC,Adult,Male,Black,Intimate Relationship,Fled/Apprehended,false,None
19750527MIPID,9,Male,,Student,Fled/Apprehended,false,None
19750515MOROS,13,Male,,Student,Fled/Apprehended,false,None
19750321VAFAR,18,Male,,No Relation,Other,false,None
19750321OHPAD,15,Male,,No Relation,Fled/Escaped,false,None
19750318MOSUS,19,Male,,,Fled/Apprehended,false,None
19750312TXJOH,Teen,,,Student,Fled/Escaped,false,None
19750224NJSTP,24,Male,,Former Student,Fled/Apprehended,false,None
19750207NYBOM,16,Male,,Student,Attempted Suicide,false,Wounded
19741230NYOLO,17,Male,White,Student,Apprehended/Killed by LE,false,None
19741218CAMAL,17,Male,,No Relation,Fled/Escaped,false,None
19741125SCCAC,Teen,Male,,Student,Fled/Escaped,false,None
19741125SCCAC,Teen,Male,,Student,Fled/Escaped,false,None
19741121ARBOL,15,Male,,Student,Surrendered,false,None
19741118SCCAC,,Male,,No Relation,Fled/Escaped,false,None
19741021MDDOB,15,Male,,No Relation,Fled/Apprehended,false,None
19741007LADEH,17,Male,Black,Student,Apprehended/Killed by LE,false,None
19740925CASAL,17,Male,,Student,Fled/Apprehended,false,None
19740923CAJED,Teen,Male,,Student,Fled/Apprehended,false,None
19740923CAJED,Teen,Male,,Student,Fled/Apprehended,false,None
19740923CAJED,Teen,Male,,Student,Fled/Apprehended,false,None
19740519FLHIO,35,Male,,Intimate Relationship,Fled/Apprehended,false,None
19740510TNCHR,20,Male,,Student,Surrendered,false,None
19740402CTSTB,,,,,Fled/Escaped,false,None
19740322INBRB,17,Male,White,Student,Surrendered,false,None
19740207CAJAO,24,Male,Black,No Relation,Fled/Apprehended,false,None
19740122CALOL,15,Male,,No Relation,Fled/Apprehended,false,None
19740117ILBAC,14,Male,,Former Student,Subdued by Students/Staff/Other,false,None
19731213OHHUC,16,Male,,Student,Fled/Apprehended,false,None
19731206CAFRL,,,,Student,Fled/Apprehended,false,None
19731109CALOL,Teen,Male,,,Fled/Apprehended,false,None
19731108ILWOC,16,Male,,Student,Fled/Apprehended,false,None
19731031MONOS,18,Male,,No Relation,Fled/Apprehended,false,None
19731024MNCEM,17,Male,,Student,Fled/Apprehended,false,None
19731023OHBAB,17,Male,White,Student,Fled/Apprehended,false,None
19731023MOSUS,14,Male,,,Fled/Apprehended,false,None
19731023MOSUS,Teen,Male,,,Fled/Apprehended,false,None
19731019MOBES,14,Male,,Student,Fled/Apprehended,false,None
19731002ILELA,17,Male,,Student,Suicide,true,Suicide
19730423KYJAH,Adult,Male,,No Relation,Fled/Escaped,false,None
19730928CAWIL,16,Male,,Student,Apprehended/Killed by SRO,false,Wounded
19730501OHRAY,15,Male,,Student,Fled/Apprehended,false,None
19730405CALOL,,Male,,Student,Fled/Escaped,false,None
19730226VAARR,18,Male,Black,Student,Fled/Apprehended,false,None
19730212ALBOM,19,Male,,No Relation,Fled/Apprehended,false,None
19730131NCCUB,17,Male,,Student,Fled/Apprehended,false,None
19730118CAJOL,19,Male,,,Fled/Apprehended,false,None
19730118CAJOL,18,Male,,,Fled/Apprehended,false,None
19730105NCSOS,Teen,Male,Black,Student,Fled/Apprehended,false,None
19721129FLMIM,Teen,Male,,,Fled/Escaped,false,None
19721127MIPOP,16,Male,Black,Student,Fled/Apprehended,false,None
19721111CAJEL,Teen,Male,,Other Student,Fled/Apprehended,false,None
19721111CAJEL,Teen,Male,,Other Student,Fled/Apprehended,false,None
19720921OHTHA,18,Male,,Former Student,Fled/Apprehended,false,None
19720919TXCUH,33,Male,,Teacher,Fled/Apprehended,false,None
19720915MISAS,17,Male,,Student,Fled/Apprehended,false,None
19720914TXFRH,16,Male,,Student,Fled/Apprehended,false,None
19720505INDEI,16,Female,White,Student,Surrendered,false,None
19720504NVLIR,53,Male,White,Teacher,Fled/Escaped,false,None
19720412LAEAG,28,Male,,Teacher,Suicide,true,Suicide
19720313TXUNH,15,Male,,Student,Surrendered,false,None
19720228CAMAL,14,Male,,Student,,false,None
19720215ILKEC,21,Male,,Nonstudent,Apprehended/Killed by LE,true,Fatal
19720214ILCAC,,Male,,Student,Fled/Escaped,false,None
19720126MDHAB,17,Male,,Student,Fled/Apprehended,false,None
19720126MDGWB,Teen,Male,,Student,,false,None
19720124OHSTS,16,Male,White,Student,Surrendered,false,None
19720105DCPAW,61,Male,,Teacher,Subdued by Students/Staff/Other,false,None
19711213MDCAB,17,Male,,Student,Fled/Apprehended,false,None
19711206CALOL,14,Male,Hispanic,Student,Fled/Apprehended,false,None
19711206CALOL,14,Male,Hispanic,Student,Fled/Apprehended,false,None
19711124MDEDB,17,Male,,Student,Fled/Apprehended,false,None
19711108OKGRT,63,Male,,Other Staff,,false,None
19711103NMCAC,22,Male,,Former Student,Suicide,true,Suicide
19711029MDFRB,Teen,Male,,Student,Fled/Escaped,false,None
19711029MDFRB,Teen,Male,,Student,Fled/Escaped,false,None
19711029MDFOB,17,Male,,Former Student,Fled/Escaped,false,None
19711028MDCIB,,Male,,Student,Fled/Escaped,false,None
19710929VAPEP,14,Male,Black,Student,Subdued by Students/Staff/Other,false,None
19710928MNCEM,18,Male,,No Relation,Fled/Apprehended,false,None
19710924NYMCB,Teen,,,Student,,false,None
19710909TXDUL,15,Male,White,Student,Fled/Apprehended,false,None
19710820PAMOM,72,Male,White,Security Guard,Surrendered,false,None
19710602NYEAE,13,Male,,Student,Suicide,true,Suicide
19710527MIBES,17,Male,,Student,,false,None
19710405PAWIH,17,Male,,Student,,false,None
19710309AZROT,13,Male,,Student,,false,None
19710225OHFRC,Teen,Male,,Student,Fled/Apprehended,false,None
19710210TXOAD,17,Male,,Student,,false,None
19710205PAJOW,14,Male,,Student,,false,None
19710202PAMOP,14,Male,Black,Student,Fled/Apprehended,false,None
19701212WIXAA,Adult,,,Police Officer/SRO,Law Enforcement,false,None
19701120ILHAC,15,Male,,Student,Fled/Apprehended,false,None
19701027OHAPM,13,Male,,Student,Fled/Apprehended,false,None
19701020TNWAN,13,Male,,Student,,false,None
19701019TNBOM,17,Male,,Student,Fled/Apprehended,false,None
19701005MIPOD,Teen,Male,,Student,Fled/Escaped,false,None
19700928IACED,17,Male,,Student,Fled/Apprehended,false,None
19700924IDMEM,,,,,,false,None
19700914TNHAN,18,Male,Black,Student,Fled/Apprehended,false,None
19700831FLALM,27,Male,Black,No Relation,Apprehended/Killed by LE,false,None
19700828TXRIE,15,Male,,Student,Fled/Apprehended,false,None
19700828TXRIE,16,Male,,Student,Fled/Apprehended,false,None
19700515UTBEO,15,Male,White,Student,,false,None
19700508FLCAD,18,Male,Hispanic,Student,Fled/Apprehended,false,None
19700422DEPIW,16,Male,Hispanic,Student,Fled/Apprehended,false,None
19700415ARPIP,18,Male,,No Relation,Fled/Apprehended,false,None
19700415ARPIP,Teen,Male,,No Relation,Fled/Apprehended,false,None
19700415ARPIP,Adult,Male,,No Relation,Fled/Apprehended,false,None
19700415ARPIP,Adult,Male,,No Relation,Fled/Apprehended,false,None
19700415ARPIP,Adult,Male,,No Relation,Fled/Apprehended,false,None
19700415ARPIP,Adult,Male,,No Relation,Fled/Apprehended,false,None
19700415ARPIP,Adult,Male,,No Relation,Fled/Apprehended,false,None
19700415ARPIP,Adult,Male,,No Relation,Fled/Apprehended,false,None
19700323CADAL,16,Male,Hispanic,Student,Surrendered,false,None
19700323CADAL,44,Male,Hispanic,Police Officer/SRO,Surrendered,false,None
19700206OHJOC,18,Male,Hispanic,Student,,false,None
19700105DCUNW,,Male,,Student,Fled/Escaped,false,None
19700105DCSOW,,Male,,Student,Surrendered,false,None
19700105DCHIW,15,Male,,Student,,false,None
19691119WITOT,14,Male,,Student,Surrendered,false,None
19690513NCHAW,13,Male,,Student,,false,None
19690425ILTIC,Teen,Male,,Student,Apprehended/Killed by LE,false,None
19690123DCCAW,18,Male,,Student,Fled/Apprehended,false,None
19690121KYSHL,16,Male,,Student,Fled/Apprehended,false,None
19681010TNRIC,19,Male,Black,Student,Fled/Apprehended,false,None
19680905ILPAC,18,Male,,Student,Fled/Apprehended,false,None
19680905ILPAC,20,Male,,Student,Fled/Apprehended,false,None
19680928ILTIC,Teen,Male,,Student,,false,None
19680610CASAR,15,Male,,Student,Fled/Apprehended,false,None
19680522FLCHM,15,Male,,Student,,false,None
19680325NCHIH,16,Male,Native American/Alaska Native,Student,Fled/Apprehended,false,None
19680212OKHOH,16,Male,White,Student,,false,None
19680205ILBOC,17,Male,,Student,Fled/Apprehended,false,None
19680202TXUNC,25,Male,,No Relation,Surrendered,false,None
19680130FLMIM,16,Female,Black,Student,Surrendered,false,None
19671023HIFAH,32,Male,,Former Student,Surrendered,false,None
19671018PAGEP,18,Male,,Student,Fled/Apprehended,false,None
19670921VTTUT,Adult,Male,,Other Staff,Other,false,None
19670503ILWEN,18,Male,White,Former Student,Surrendered,false,None
19670419TXTRF,18,Male,Hispanic,Student,,false,None
19670324ILWAC,18,Male,,Student,Apprehended/Killed by LE,false,None
19670127NCSTS,18,Male,,Student,,false,None
19661108TNLAM,15,Male,Black,Student,Fled/Apprehended,false,None
19661005MNGRG,15,Male,,Student,Surrendered,false,None
19660922PAPHP,14,Male,Black,Student,Apprehended/Killed by LE,false,None
19660922PAPHP,15,Male,Black,Student,Apprehended/Killed by LE,false,None
19660828FLSEC,19,Male,,,Fled/Apprehended,false,None
19660427NYBAB,16,Male,White,Student,,false,None
19660328CAJOL,Adult,Male,White,Security Guard,Law Enforcement,false,None
19660324CACAM,34,Male,,Other Staff,Subdued by Students/Staff/Other,true,Fatal
19660314TXCAW,57,Male,White,Security Guard,Law Enforcement,false,None
19660311NCIRC,50,Male,,No Relation,Apprehended/Killed by LE,false,None
20211116LAABA,Teen,Male,,Student,Fled/Escaped,false,None
20211117CAORA,12,Female,,Student,Attempted Suicide,false,Wounded
19950327MIPED,Teen,,,Student,Fled/Escaped,false,None
19950327MIDED,Teen,,,Student,Fled/Escaped,false,None
19920609MIDED,,,,,Fled/Escaped,false,None
20191022MIPOH,,,,No Relation,Fled/Escaped,false,None
20211202PAWIP,,,,No Relation,Fled/Escaped,false,None
19800502MINOD,,,,,Fled/Escaped,false,None
19980406IDCLK,12,,,Student,Subdued by Students/Staff/Other,false,None
19980408ADSAT,Adult,Male,,,Fled/Escaped,false,None
19900124MIFID,Teen,Male,,Nonstudent,Fled/Escaped,false,None
19750515MDLAU,Teen,Male,,Student,Fled/Escaped,false,None
20220920MNMAM,Teen,Male,,Student,Suicide,true,Fatal
20220228GAJOJ,Teen,,,Student,Apprehended/Killed by LE,false,None
20210304CTACN,,,,,Fled/Escaped,false,None
20210301NYWAO,19,Male,,Other Staff,Apprehended/Killed by SRO,false,None
20200213UTWES,Teen,Male,,Student,Fled/Apprehended,false,None
20190925DCAIW,,,,No Relation,Fled/Escaped,false,None
20190417MIFLF,Teen,Male,,Student,Fled/Escaped,false,None
20190403CANES,,,,No Relation,Fled/Escaped,false,None
20190116MNNOM,,,,,Fled/Escaped,false,None
20151110FLLEL,15,Male,,Student,Attempted Suicide,false,Wounded
20080116NCCRC,Teen,Male,,Student,Fled/Apprehended,false,None
20071015GAGRG,,Male,,,Fled/Escaped,false,None
20070606FLSGT,17,Male,,Student,Fled/Apprehended,false,None
20030415CADED,Adult,Male,,No Relation,Fled/Escaped,false,None
20010206TXPED,,,,,,false,None
20000224OKTET,17,Male,,Student,Fled/Apprehended,false,None
20000222MSHOH,14,Male,,Student,Fled/Apprehended,false,None
19991103MADOB,Teen,Male,,,Fled/Escaped,false,None
20030922MNJOR,Adult,Male,,No Relation,Fled/Apprehended,false,None
